Date:TEXT,Payee:TEXT,Address:TEXT,Amount:REAL
1/2/2025,MCDONALD'S F7026 EVERETT WA,EVERETT       WA,-8
1/2/2025,UNITED 0162447198764UNITED.COM TX,UNITED.COM    TX,-834.95
1/2/2025,MOD PIZZA SEATTLE CNTR SEATTLE WA,SEATTLE       WA,-10.56
1/2/2025,TST*MAMNOON Seattle WA,Seattle       WA,-140.32
1/2/2025,METROPOLITAN MARKET MERCER ISLANDWA,MERCER ISLAND WA,-9.38
1/2/2025,METROPOLITAN MARKET MERCER ISLANDWA,MERCER ISLAND WA,-3.31
1/2/2025,METROPOLITAN MARKET MERCER ISLANDWA,MERCER ISLAND WA,-8
1/2/2025,METROPOLITAN MARKET MERCER ISLANDWA,MERCER ISLAND WA,-3.31
1/2/2025,DIGITALOCEAN.COM DIGITALOCEAN.NY,DIGITALOCEAN. NY,-13.22
1/2/2025,SQ *SEATTLE : FACEPAINT Seattle WA,Seattle       WA,-26
1/3/2025,BARBICAN CENTRE LONDON,,-195.62
1/3/2025,DELIVEROO LONDON,,-31.03
1/3/2025,TTG* TimeOut London,,-138.38
1/3/2025,CREPERIE DE PARIS REDMOND WA,REDMOND       WA,-9.46
1/3/2025,CREPERIE DE PARIS REDMOND WA,REDMOND       WA,-34.22
1/3/2025,METROPOLITAN MARKET MERCER ISLANDWA,MERCER ISLAND WA,-3.31
1/3/2025,REGISTERED AGENT - WA SINGLEFILE.IOWA,SINGLEFILE.IO WA,-100
1/3/2025,SHAKE SHACK - 1230 KIRKLAND WA,KIRKLAND      WA,-26.11
1/4/2025,FAA MEDICAL EXAMS INC SEATTLE WA,SEATTLE       WA,-190
1/4/2025,QFC #5806 MERCER ISLANDWA,MERCER ISLAND WA,-133.49
1/4/2025,SQ *SUGAR BAKERY & CAFE Seattle WA,Seattle       WA,-10.69
1/4/2025,VM PARKING LINDEMAN SEATTLE WA,SEATTLE       WA,-7
1/6/2025,DELIVEROO LONDON,,-27.02
1/6/2025,DELIVEROO LONDON,,-57.64
1/6/2025,STANWOOD CINEMAS B&M STANWOOD WA,STANWOOD      WA,-59
1/6/2025,SQ *THAI THAI KITCHEN STAStanwood WA,Stanwood      WA,-157.03
1/6/2025,Scribd *589159419 415-2336230 CA,415-2336230   CA,-13.23
1/6/2025,DELIVEROO LONDON,,-25.98
1/7/2025,DELIVEROO LONDON,,-17.9
1/7/2025,UBER *TRIP HELP.UBER.COMCA,HELP.UBER.COM CA,-136.69
1/7/2025,SQ *TAXI 306 Seattle WA,Seattle       WA,-38.4
1/7/2025,LOCALS ESPRESSO 3 STANWOOD WA,STANWOOD      WA,-3.47
1/7/2025,VIRGINIA MASON FRONT DESKSEATTLE WA,SEATTLE       WA,-95
1/7/2025,AMAZING CARPET AND TIL amazingcarpetCA,amazingcarpet CA,-880
1/7/2025,TST*CAMANO COMMONS Camano IslandWA,Camano Island WA,-23.52
1/8/2025,TPD FIRST HILL 117 SEATTLE WA,SEATTLE       WA,-13.22
1/8/2025,AMATO DENTAL GROUP SEATTLE WA,SEATTLE       WA,-69.63
1/8/2025,METROPOLIS PARKING METROPOLIS.IOTN,METROPOLIS.IO TN,-9.99
1/8/2025,GEG RIVERSIDE CAFE 1118 SPOKANE WA,SPOKANE       WA,-36.37
1/9/2025,DELIVEROO LONDON,,-43.57
1/9/2025,METROPOLITAN MARKET MERCER ISLANDWA,MERCER ISLAND WA,-3.31
1/9/2025,Online payment from CHK 9942,,6962.51
1/10/2025,DELIVEROO LONDON,,-27.03
1/10/2025,FSP*EASTSIDE LIMOUSINE 425-558-4755 WA,425-558-4755  WA,-96
1/10/2025,TST*TUTTA BELLA NEAPOLIT Seattle WA,Seattle       WA,-134.91
1/11/2025,DELIVEROO LONDON,,-31.22
1/13/2025,Netflix 1 8445052993 CA,1 8445052993  CA,-17.07
1/13/2025,TFL TRAVEL CH TFL.GOV.UK/CP,,-9.99
1/13/2025,DELIVEROO LONDON,,-23.42
1/13/2025,N.O.T. UK LIMITED LONDON,,-5.43
1/13/2025,TXW*LONDON TAXI 75240 GLASGOW,,-34.78
1/13/2025,MY CHOICE SOFTWARE LLC 800-3181439 CA,800-3181439   CA,-229.99
1/13/2025,TFL TRAVEL CH TFL.GOV.UK/CP,,-6.66
1/13/2025,WAITROSE 641 KNIGHTSBRIDGE,,-22.48
1/13/2025,TFL TRAVEL CH TFL.GOV.UK/CP,,-3.45
1/14/2025,WAITROSE 641 KNIGHTSBRIDGE,,-25.7
1/14/2025,DELIVEROO LONDON,,-23.48
1/14/2025,Garmin 800-5112459 ME,800-5112459   ME,-16.47
1/14/2025,ZETTLE_*SCOTT WOLSEY BARNET,,-35.76
1/15/2025,VICTORIA&ALBERT MUSEUM LONDON,,-21.76
1/15/2025,PAUL ST PAULS LONDON,,-11.98
1/15/2025,LONDON THEATRE DIRECT LONDON,,-178.46
1/15/2025,TFL TRAVEL CH TFL.GOV.UK/CP,,-3.3
1/15/2025,DELIVEROO LONDON,,-23.17
1/15/2025,APPLE UK R329 LONDON,,-615.37
1/16/2025,PAYMENT - THANK YOU,,6962.51
1/16/2025,THE KENSINGTON CREPERI LONDON,,-10.35
1/16/2025,DELIVEROO LONDON,,-41.28
1/16/2025,DELIVEROO LONDON,,-14.7
1/16/2025,DELIVEROO LONDON,,-23.65
1/16/2025,TFL TRAVEL CH TFL.GOV.UK/CP,,-10.42
1/16/2025,SLING.COM 888-363-1777 CO,888-363-1777  CO,-10
1/18/2025,FRAUD DISPUTE,,14.7
1/20/2025,FRAUD DISPUTE,,23.17
1/20/2025,FRAUD DISPUTE,,23.65
1/24/2025,METROPOLITAN MARKET MERCER ISLANDWA,MERCER ISLAND WA,-41.03
1/24/2025,METROPOLITAN MARKET MERCER ISLANDWA,MERCER ISLAND WA,-3.31
1/24/2025,SQ *LA FETE PATISSERIE Mercer IslandWA,Mercer Island WA,-18.69
1/25/2025,METROPOLITAN MARKET MERCER ISLANDWA,MERCER ISLAND WA,-238.41
1/25/2025,KOZA TURKISH GROCERY KIRKLAND WA,KIRKLAND      WA,-69.92
1/25/2025,SQ *SHAWN'S CAFE & BAKERYMercer IslandWA,Mercer Island WA,-19.84
1/25/2025,SQ *LA FETE PATISSERIE Mercer IslandWA,Mercer Island WA,-8
1/27/2025,Garmin 800-5112459 ME,800-5112459   ME,-13.17
1/27/2025,Garmin 800-5112459 ME,800-5112459   ME,-13.17
1/27/2025,OPENAI *CHATGPT SUBSCR OPENAI.COM CA,OPENAI.COM    CA,-22.04
1/28/2025,SQ *THAI THAI KITCHEN STAStanwood WA,Stanwood      WA,-198.51
1/28/2025,HERZL NERTAMID H-NT.SHULCLOUWA,H-NT.SHULCLOU WA,-45
1/30/2025,RITE AID 05197 MERCER ISLANDWA,MERCER ISLAND WA,-53.7
1/31/2025,SEATTLE CENTER MERCER SEATTLE WA,SEATTLE       WA,-45
1/31/2025,STARBUCKS STORE 03278 BELLEVUE WA,BELLEVUE      WA,-4.85
1/31/2025,TST*TUTTA BELLA NEAPOLIT Seattle WA,Seattle       WA,-123.86
1/31/2025,TST*CAMANO COMMONS Camano IslandWA,Camano Island WA,-11.36
1/31/2025,TST*CAMANO COMMONS Camano IslandWA,Camano Island WA,-16.81
2/1/2025,METROPOLITAN MARKET MERCER ISLANDWA,MERCER ISLAND WA,-4.42
2/1/2025,DIGITALOCEAN.COM DIGITALOCEAN.NY,DIGITALOCEAN. NY,-13.22
2/1/2025,TST* BEECHER'S HANDMADE CBELLEVUE WA,BELLEVUE      WA,-16.26
2/1/2025,TST* BEECHER'S HANDMADE CBELLEVUE WA,BELLEVUE      WA,-45.15
2/1/2025,AT *KIDSQUEST CHILD'S MUSBELLEVUE WA,BELLEVUE      WA,-225
2/3/2025,MPS*THE ISRAELI CENT RAMAT HA'SHAR,,-50.39
2/3/2025,SQ *SIDAMO COFFEE AND TEAWashington DC,Washington    DC,-8.54
2/3/2025,UBER *TRIP HELP.UBER.COMCA,HELP.UBER.COM CA,-60.39
2/3/2025,SQ *SIDAMO COFFEE AND TEAWashington DC,Washington    DC,-5.28
2/3/2025,SQ *SIDAMO COFFEE AND TEAWashington DC,Washington    DC,-3.85
2/3/2025,UBER *TRIP HELP.UBER.COMCA,HELP.UBER.COM CA,-13
2/3/2025,UBER *TRIP HELP.UBER.COMCA,HELP.UBER.COM CA,-65
2/3/2025,Mount Vernon Mount Vernon VA,Mount Vernon  VA,-71
2/3/2025,FSP*EASTSIDE LIMOUSINE 425-558-4755 WA,425-558-4755  WA,-102
2/4/2025,AMAZON RETA* JQ1G71GN3 WWW.AMAZON.COWA,WWW.AMAZON.CO WA,-13.38
2/4/2025,AVIS.COM PREPAY 8003527900 VA,8003527900    VA,-122.54
2/4/2025,FSP*EASTSIDE LIMOUSINE 425-558-4755 WA,425-558-4755  WA,-102
2/4/2025,SQ *SWING'S COFFEE ROASTEAlexandria VA,Alexandria    VA,-9.71
2/5/2025,LYFT *CAPITALBIKE RI LYFT.COM CA,LYFT.COM      CA,-4.9
2/5/2025,AMZN Mktp US*Z771R4XP0 Amzn.com/billWA,Amzn.com/bill WA,-601.66
2/6/2025,SQ *SIDAMO COFFEE AND TEAWashington DC,Washington    DC,-9.49
2/6/2025,Scribd *589159419 415-2336230 CA,415-2336230   CA,-13.23
2/6/2025,TST* TATTE BAKERY CITY CEWASHINGTON DC,WASHINGTON    DC,-40.85
2/7/2025,TST*YELLOW - UNION MARKE Washington DC,Washington    DC,-21.39
2/7/2025,TST*YELLOW - UNION MARKE Washington DC,Washington    DC,-102.41
2/7/2025,WHOLEFDS HST#10565 WASHINGTON DC,WASHINGTON    DC,-68.6
2/7/2025,AVIS.COM PREPAY 800-352-7900 VA,800-352-7900  VA,72.54
2/7/2025,SQ *SIDAMO COFFEE AND TEAWashington DC,Washington    DC,-10.12
2/7/2025,TST* STARR - PASTIS DC WASHINGTON DC,WASHINGTON    DC,-480.4
2/8/2025,GIANT 2381 WASHINGTON DC,WASHINGTON    DC,-55.44
2/8/2025,SQ *SIDAMO COFFEE AND TEAWashington DC,Washington    DC,-9.11
2/8/2025,BARNES & NOBLE #2867 ALEXANDRIA VA,ALEXANDRIA    VA,-5.49
2/8/2025,BARNES & NOBLE #2867 ALEXANDRIA VA,ALEXANDRIA    VA,-17.42
2/8/2025,BARNES & NOBLE #2867 ALEXANDRIA VA,ALEXANDRIA    VA,-7.19
2/8/2025,BARNES & NOBLE #2867 ALEXANDRIA VA,ALEXANDRIA    VA,-74.17
2/8/2025,BARNES & NOBLE #2867 ALEXANDRIA VA,ALEXANDRIA    VA,-44.51
2/10/2025,UBER *TRIP HELP.UBER.COMCA,HELP.UBER.COM CA,-33.74
2/10/2025,441 INSIDE THE BELTWAY LAS VEGAS DC,LAS VEGAS     DC,-3.32
2/10/2025,441 INSIDE THE BELTWAY LAS VEGAS DC,LAS VEGAS     DC,-15.14
2/10/2025,SQ *SIDAMO COFFEE AND TEAWashington DC,Washington    DC,-14.67
2/10/2025,NANDO'S PERI PERI #028 WASHINGTON DC,WASHINGTON    DC,-20.1
2/10/2025,UBER *TRIP HELP.UBER.COMCA,HELP.UBER.COM CA,-13.47
2/11/2025,HUDSONNEWS ST1185 DES PLAINES IL,DES PLAINES   IL,-39.71
2/11/2025,MANCHU WOK T1C ORD CHICAGO IL,CHICAGO       IL,-15.63
2/12/2025,TST* LOS CHILANGOS KIRKLAKIRKLAND WA,KIRKLAND      WA,-63.78
2/12/2025,ARUGULA AND RYE DES MOINES IA,DES MOINES    IA,-10.68
2/12/2025,FAIRFIELD INN & SUITES DES MOINES IA,DES MOINES    IA,-152.32
2/12/2025,WICKER PARK SUSHI ORD CHICAGO IL,CHICAGO       IL,-35.06
2/12/2025,SQ *GREEN CAB AIRPORT TAXMercer IslandWA,Mercer Island WA,-77.04
2/13/2025,TST*TUTTA BELLA NEAPOLIT Seattle WA,Seattle       WA,-65.83
2/13/2025,METROPOLITAN MARKET MERCER ISLANDWA,MERCER ISLAND WA,-4.99
2/13/2025,METROPOLITAN MARKET MERCER ISLANDWA,MERCER ISLAND WA,-8.73
2/13/2025,METROPOLITAN MARKET MERCER ISLANDWA,MERCER ISLAND WA,-3.31
2/13/2025,VM PARKING BUCK VALET SEATTLE WA,SEATTLE       WA,-5
2/13/2025,SQ *TRUE NORTH BAKERY Burlington WA,Burlington    WA,-18.88
2/13/2025,VIRGINIA MASON MEDICAL CE206-2236601 WA,206-2236601   WA,-196.6
2/14/2025,Garmin 800-5112459 ME,800-5112459   ME,-16.47
2/14/2025,CORPORATE AIR CENTER BURLINGTON WA,BURLINGTON    WA,-186.2
2/14/2025,SQ *ALL CITY COFFEE Seattle WA,Seattle       WA,-9.86
2/14/2025,Netflix.com netflix.com CA,netflix.com   CA,-17.07
2/15/2025,ISLAND COUNTY CAMANO OUTBCAMANO ISLANDWA,CAMANO ISLAND WA,-14.75
2/15/2025,SDOT PAYBYPHONE PARKING 206-684-5260 WA,206-684-5260  WA,-0.5
2/15/2025,TST*FONDA LA CATRINA Seattle WA,Seattle       WA,-160.33
2/17/2025,SLING.COM 888-363-1777 CO,888-363-1777  CO,-12.99
2/17/2025,ZOOM.COM 888-799-9666 ZOOM.US CA,ZOOM.US       CA,-165.19
2/17/2025,TST*CAMANO COMMONS Camano IslandWA,Camano Island WA,-16.49
2/18/2025,BOOK SHOP JERUSALEM,,-56.5
2/18/2025,UBER *TRIP HELP.UBER.COMCA,HELP.UBER.COM CA,-67.88
2/18/2025,UBER *TRIP HELP.UBER.COMCA,HELP.UBER.COM CA,-7
2/18/2025,WSFERRIES-COLMAN DOCK SEATTLE WA,SEATTLE       WA,-10.25
2/18/2025,TST*CAMANO COMMONS Camano IslandWA,Camano Island WA,-20.98
2/19/2025,METROPOLITAN MARKET MERCER ISLANDWA,MERCER ISLAND WA,-6.9
2/19/2025,TST* EGG & US - ISSAQUAH ISSAQUAH WA,ISSAQUAH      WA,-32.9
2/20/2025,QFC #5806 MERCER ISLANDWA,MERCER ISLAND WA,-40.31
2/20/2025,EASTSIDE MOBILE AUTO GLAS206-255-7827 WA,206-255-7827  WA,-1024.78
2/21/2025,TPD JUANITA 119 KIRKLAND WA,KIRKLAND      WA,-14.64
2/21/2025,SEATTLE MUNI INT #950003 800-950-1292 WA,800-950-1292  WA,-246.6
2/21/2025,VMO*VIMEO.COM 848-359-5618 NY,848-359-5618  NY,-119.02
2/21/2025,METROPOLIS PARKING METROPOLIS.IOTN,METROPOLIS.IO TN,-9.99
2/24/2025,THE MUSEUM OF FLIGHT MAINTUKWILA WA,TUKWILA       WA,-42.87
2/24/2025,SQ *MUSTARD SEED BAKING CStanwood WA,Stanwood      WA,-8.33
2/24/2025,SQ *THAI THAI KITCHEN STAStanwood WA,Stanwood      WA,-136.41
2/24/2025,CAMANO ISLAND COFFEE R CAMANO ISLANDWA,CAMANO ISLAND WA,-12.5
2/25/2025,LUFTHANSA 2202221413860KOLN,,-794.4
2/25/2025,LUFTHANSA 2202221414324KOLN,,-6629.52
2/25/2025,GIRLSCOUTSN 202-274-337 DC,202-274-337   DC,-36.99
2/25/2025,REGISTERED AGENT - WA SINGLEFILE.IOWA,SINGLEFILE.IO WA,-100
2/25/2025,M&S CATERING SEATTLE SEATTLE WA,SEATTLE       WA,-40.22
2/25/2025,TST*MERCURYS COFFEE - T Kirkland WA,Kirkland      WA,-5.68
2/25/2025,TRADER JOE S #132 KIRKLAND WA,KIRKLAND      WA,-49.48
2/26/2025,Garmin 800-5112459 ME,800-5112459   ME,-13.17
2/26/2025,SQ *MUSTARD SEED BAKING CStanwood WA,Stanwood      WA,-18.96
2/26/2025,OPENAI *CHATGPT SUBSCR OPENAI.COM CA,OPENAI.COM    CA,-22.04
2/27/2025,AMRIKAN TOIL TEL AVIV,,-52.79
2/27/2025,trainline +443332022222,,-41.16
2/27/2025,trainline +443332022222,,-371.15
2/27/2025,trainline +443332022222,,-328.36
2/27/2025,trainline +443332022222,,-35.27
2/27/2025,trainline +443332022222,,33.57
2/27/2025,TST*TUTTA BELLA NEAPOLIT Seattle WA,Seattle       WA,-65.83
2/27/2025,METROPOLITAN MARKET MERCER ISLANDWA,MERCER ISLAND WA,-3.31
2/27/2025,Garmin 800-5112459 ME,800-5112459   ME,-13.17
2/27/2025,AIRBNB * HMSNQAB3MZ AIRBNB.COM CA,AIRBNB.COM    CA,-414.29
2/28/2025,TPD FIRST HILL 117 SEATTLE WA,SEATTLE       WA,-13.05
2/28/2025,HOMOS FOL ABU ALI FORADES,,-43.49
2/28/2025,VIRGINIA MASON FRONT DESKSEATTLE WA,SEATTLE       WA,-95
2/28/2025,QFC #5859 BELLEVUE WA,BELLEVUE      WA,-8.56
2/28/2025,SQ *TRUE NORTH BAKERY Burlington WA,Burlington    WA,-17.9
2/28/2025,8991 GREAT CLIPS AT ISLANMERCER ISLANDWA,MERCER ISLAND WA,-33
3/1/2025,STARBUCKS 03702 SEATTLE WA,SEATTLE       WA,-4.36
3/1/2025,DIGITALOCEAN.COM DIGITALOCEAN.NY,DIGITALOCEAN. NY,-13.22
3/1/2025,SQ *MACRINA BAKERY - SODOSeattle WA,Seattle       WA,-18.67
3/1/2025,CORPORATE AIR CENTER BURLINGTON WA,BURLINGTON    WA,-111.84
3/1/2025,TST* BURGERMASTER - BELLEBELLEVUE WA,BELLEVUE      WA,-46.25
3/3/2025,ARKIA BNEY BRAK,,-30
3/3/2025,TPD JUANITA 119 KIRKLAND WA,KIRKLAND      WA,-34.66
3/3/2025,WSDOT-GOODTOGO ONLINE RENTON WA,RENTON        WA,-100
3/3/2025,SEA AIRPORT PARKING 2067874069 WA,2067874069    WA,-74
3/4/2025,SQ *LA FETE PATISSERIE MERCER ISLANDWA,MERCER ISLAND WA,-13.12
3/4/2025,LS SNAPDOODLE TOYS & G 425-4080021 WA,425-4080021   WA,-46.62
3/4/2025,Online payment from CHK 9942,,8959.14
3/5/2025,DIAMOND PARKING parkmobilecomWA,parkmobilecom WA,-32.21
3/5/2025,TST*SANO CAFE Mercer IslandWA,Mercer Island WA,-22.5
3/5/2025,TRADER JOE S #132 KIRKLAND WA,KIRKLAND      WA,-25.75
3/6/2025,TST*TUTTA BELLA NEAPOLIT Seattle WA,Seattle       WA,-84.08
3/6/2025,THE UPS STORE 1081 510-5176645 WA,510-5176645   WA,-15
3/6/2025,MEDIUM ANNUAL MEDIUM.COM CA,MEDIUM.COM    CA,-50
3/6/2025,Scribd *589159419 415-2336230 CA,415-2336230   CA,-13.23
3/7/2025,UBER *TRIP HELP.UBER.COMCA,HELP.UBER.COM CA,-72.72
3/7/2025,HUDSON ST 1504 SEATTLE WA,SEATTLE       WA,-4.18
3/7/2025,FSP*EASTSIDE LIMOUSINE 425-558-4755 WA,425-558-4755  WA,-102
3/7/2025,THE UPS STORE 1081 510-5176645 WA,510-5176645   WA,-15
3/7/2025,UBER *TRIP HELP.UBER.COMCA,HELP.UBER.COM CA,-133.49
3/8/2025,HERTZ IXTAPA MXN ZIHUATANEJO D,,-2160.64
3/8/2025,FSP*EASTSIDE LIMOUSINE 425-558-4755 WA,425-558-4755  WA,-102
3/8/2025,RESTAURANT INDIGO ZIHUATANEJO D,,-104.58
3/8/2025,GEG PEETES COFFEE C 2310 SPOKANE WA,SPOKANE       WA,-10.02
3/10/2025,HOT PRESENT MOMENT I LA UNION DE I,,-158.23
3/10/2025,HOT PRESENT MOMENT I LA UNION DE I,,-78.82
3/10/2025,SORIANA939 ZIHUATANEJO ZIHUATANEJO D,,-7.59
3/10/2025,MERPAGO*JEAN CIUDAD DE MEX,,-260.58
3/10/2025,RESTAURANT INDIGO ZIHUATANEJO D,,-16.81
3/10/2025,SHERATON LOS ANGELES CA,LOS ANGELES   CA,-166.91
3/10/2025,SORIANA939 ZIHUATANEJO ZIHUATANEJO D,,-0.89
3/10/2025,SORIANA939 ZIHUATANEJO ZIHUATANEJO D,,-60.44
3/10/2025,SORIANA939 ZIHUATANEJO ZIHUATANEJO D,,-355.54
3/11/2025,REST MI JARDIN TRONCON LA UNION DE I,,-34.61
3/12/2025,ATM - TRANSACTION FEE,,-13.44
3/12/2025,BANCO SANTANDER JOSE AZUETA,,-268.85
3/12/2025,RESTAURANT INDIGO ZIHUATANEJO D,,-768.33
3/13/2025,ATM - TRANSACTION FEE,,-11.4
3/13/2025,XH165709 MISC LA GUERA IIE ZAPATA,,-228.05
3/13/2025,SORIANA939 ZIHUATANEJO ZIHUATANEJO D,,-202.23
3/14/2025,Garmin 800-5112459 ME,800-5112459   ME,-16.47
3/14/2025,Netflix.com 408-5403700 CA,408-5403700   CA,-19.82
3/15/2025,HOTEL EDEN LA UNION GRO,,-604.78
3/15/2025,TRES MUJERES TRONCONES TRONCONES,,-10363.64
3/17/2025,REST PRESENT MOMENT LA UNION DE I,,-96.51
3/17/2025,KONFIO*SERV TICTOC VALLE DE BRAV,,-307.43
3/17/2025,REST MI JAR LA UNION DE I,,-147.67
3/17/2025,RESTAURANT INDIGO ZIHUATANEJO D,,-42.84
3/17/2025,Online payment from CHK 9942,,16644.57
3/17/2025,RESTAURANT INDIGO ZIHUATANEJO D,,-26.43
3/17/2025,SLING.COM 888-363-1777 CO,888-363-1777  CO,-12.99
3/18/2025,ATM - TRANSACTION FEE,,-11.63
3/18/2025,XH165709 MISC LA GUERA IIE ZAPATA,,-232.61
3/19/2025,HERTZ IXTAPA MXN ZIHUATANEJO D,,-78.89
3/19/2025,POINTMP*DANI CIUDAD DE MEX,,-16.88
3/19/2025,UBER* TRIP CIUDAD DE MEX,,-8.3
3/19/2025,UBER* TRIP UBER.COM/MX/E,,-1.01
3/19/2025,RESTAURANT INDIGO ZIHUATANEJO D,,-30.24
3/19/2025,RESTAURANT INDIGO ZIHUATANEJO D,,-299.79
3/20/2025,REST EL CARDENAL LA AL CIUDAD DE MEX,,-62.99
3/20/2025,UBER* TRIP UBER.COM/MX/E,,-1.01
3/20/2025,BICICLETA PUBL ECOBICI CIUDAD DE MEX,,-12.32
3/20/2025,BICICLETA PUBL ECOBICI CIUDAD DE MEX,,-12.32
3/20/2025,UBER* TRIP CIUDAD DE MEX,,-13.78
3/20/2025,UBER* TRIP UBER.COM/MX/E,,-1.01
3/20/2025,UBER* TRIP CIUDAD DE MEX,,-18.96
3/22/2025,INTEREST CHARGED ON BANK CASH ADVANCES,,-2.48
3/24/2025,Online payment from CHK 9942,,1438.09
3/24/2025,BICICLETA PUBL ECOBICI CIUDAD DE MEX,,-7.75
3/24/2025,BICICLETA PUBL ECOBICI CIUDAD DE MEX,,-7.75
3/24/2025,EXPEDIA 73062267828670 EXPEDIA.COM WA,EXPEDIA.COM   WA,-3724.79
3/24/2025,THE RESTAURANT SN MIGUEL DE,,-172.89
3/24/2025,CLIP MX*TRANSPFRIENDL ALVARO OBREGO,,-275.27
3/25/2025,ALCATRAZ DISENOS SN MIGUEL DE,,-106.15
3/25/2025,REST EL PEGASO SN MIGUEL DE,,-49.71
3/25/2025,CIELO SN MIGUEL DE,,-74.97
3/25/2025,HERRERIA ROSAS SN MIGUEL DE,,-1874.98
3/25/2025,EXPEDIA 73063336852687 EXPEDIA.COM WA,EXPEDIA.COM   WA,-24
3/25/2025,EXPEDIA 73063315439405 EXPEDIA.COM WA,EXPEDIA.COM   WA,-961.42
3/26/2025,ALASKA AIR SEATTLE WA,SEATTLE       WA,-70
3/26/2025,ALASKA AIR SEATTLE WA,SEATTLE       WA,-140
3/26/2025,ALASKA AIR 0272100529836SEATTLE WA,SEATTLE       WA,-198.3
3/26/2025,ALASKA AIR SEATTLE WA,SEATTLE       WA,-70
3/26/2025,ALASKA AIR SEATTLE WA,SEATTLE       WA,-140
3/26/2025,ALASKA AIR SEATTLE WA,SEATTLE       WA,-140
3/26/2025,ALASKA AIR 0272100527181SEATTLE WA,SEATTLE       WA,-516.6
3/26/2025,ALASKA AIR 0272100527180SEATTLE WA,SEATTLE       WA,-516.6
3/26/2025,ALASKA AIR 0272100527179SEATTLE WA,SEATTLE       WA,-516.6
3/26/2025,ALASKA AIR 0272100527178SEATTLE WA,SEATTLE       WA,-516.6
3/26/2025,ALASKA AIR 0272100527177SEATTLE WA,SEATTLE       WA,-516.6
3/26/2025,ALASKA AIR 0272100529655SEATTLE WA,SEATTLE       WA,-386.6
3/26/2025,ALASKA AIR 0272100529654SEATTLE WA,SEATTLE       WA,-386.6
3/26/2025,ALASKA AIR 0272100529653SEATTLE WA,SEATTLE       WA,-386.6
3/26/2025,OPENAI *CHATGPT SUBSCR OPENAI.COM CA,OPENAI.COM    CA,-22.04
3/26/2025,MIXTA SAN MIGUEL SAN MIGUEL DE,,-114.9
3/27/2025,CLIP MX*TRANSPFRIENDL ALVARO OBREGO,,-329.17
3/27/2025,Garmin 800-5112459 ME,800-5112459   ME,-13.17
3/27/2025,UBER* TRIP CIUDAD DE MEX,,-8.49
3/27/2025,UBER* TRIP UBER.COM/MX/E,,-2
3/28/2025,BAR MARMOTA CIUDAD DE MEX,,-110.55
3/28/2025,BICICLETA PUBL ECOBICI CIUDAD DE MEX,,-12.2
3/28/2025,BICICLETA PUBL ECOBICI CIUDAD DE MEX,,-12.2
3/28/2025,MUSEO CIUDAD DE MEX,,-53.48
3/28/2025,UBER* TRIP CIUDAD DE MEX,,-10.82
3/29/2025,CLIP MX*TRANSPFRIENDL ALVARO OBREGO,,-56.85
3/29/2025,USCUSTOMS TRUSTEDTRAVELER317-715-6776 IN,317-715-6776  IN,-120
3/31/2025,ANNUAL FEE,,-95
3/31/2025,SVO TICKETING SEATTLE WA,SEATTLE       WA,-94.46
3/31/2025,TPD JUANITA 119 KIRKLAND WA,KIRKLAND      WA,-22.36
3/31/2025,METROPOLITAN MARKET MERCER ISLANDWA,MERCER ISLAND WA,-77.23
3/31/2025,"ParkWhiz, Inc. Chicago IL",Chicago       IL,-18.48
3/31/2025,VCS*Ministry*of Home A Windhoek,,-90.69
3/31/2025,SARANJEET SINGH SHAG CAB 206-8986775 WA,206-8986775   WA,-81.62
3/31/2025,SQ *DERU MARKET Kirkland WA,Kirkland      WA,-9.93
4/1/2025,VILLAGE CLEANERS MERCER ISLANDCA,MERCER ISLAND CA,-36.84
4/1/2025,DIGITALOCEAN.COM DIGITALOCEAN.NY,DIGITALOCEAN. NY,-13.22
4/1/2025,SQ *SEATTLE GRAND CENTRALSeattle WA,Seattle       WA,-27.89
4/2/2025,TPD FIRST HILL 117 SEATTLE WA,SEATTLE       WA,-13.05
4/2/2025,WA DEPT OF HEALTH HSQA 360-236-4508 WA,360-236-4508  WA,-143.5
4/2/2025,METROPOLITAN MARKET MERCER ISLANDWA,MERCER ISLAND WA,-6.61
4/2/2025,CIELO SAN MIGUEL AL,,-64.64
4/2/2025,METROPOLIS PARKING METROPOLIS.IOTN,METROPOLIS.IO TN,-11.99
4/2/2025,TST*VIVIENNES BISTRO Mercer IslandWA,Mercer Island WA,-223.95
4/3/2025,SQ *MOLLY MOON'S COLUMBIASeattle WA,Seattle       WA,-7.67
4/4/2025,Online payment from CHK 9942,,13685.78
4/4/2025,USCUSTOMS TRUSTEDTRAVELER317-715-6776 IN,317-715-6776  IN,-25
4/4/2025,LAZ PARKING ECOMMERCE HARTFORD CT,HARTFORD      CT,-18.61
4/4/2025,SDOT PAYBYPHONE PARKING 206-684-5260 WA,206-684-5260  WA,-6
4/4/2025,TST*TUTTA BELLA NEAPOLIT Seattle WA,Seattle       WA,-50.19
4/5/2025,METROPOLITAN MARKET MERCER ISLANDWA,MERCER ISLAND WA,-3.31
4/5/2025,SBUX SEATTLE WA,SEATTLE       WA,-5.24
4/7/2025,CORPORATE AIR CENTER BURLINGTON WA,BURLINGTON    WA,-446
4/7/2025,M&S CATERING SEATTLE SEATTLE WA,SEATTLE       WA,-50.73
4/7/2025,SAHARA PIZZA - MERCER ISLMERCER ISLANDWA,MERCER ISLAND WA,-56.77
4/7/2025,CCBill.com *Offworld Med888-5969279 AZ,888-5969279   AZ,-35
4/7/2025,THE MUSEUM OF FLIGHT MAINTUKWILA WA,TUKWILA       WA,-118.7
4/7/2025,THE MUSEUM OF FLIGHT MAINTUKWILA WA,TUKWILA       WA,-10
4/7/2025,METROPOLITAN MARKET KIRKLAND WA,KIRKLAND      WA,-58.12
4/7/2025,SQ *TRUE NORTH BAKERY Burlington WA,Burlington    WA,-12.49
4/7/2025,SQ *ALL CITY COFFEE Seattle WA,Seattle       WA,-10.24
4/7/2025,Scribd *589159419 415-2336230 CA,415-2336230   CA,-13.23
4/8/2025,TPD JUANITA 119 KIRKLAND WA,KIRKLAND      WA,-16.33
4/8/2025,METROPOLITAN MARKET MERCER ISLANDWA,MERCER ISLAND WA,-3.31
4/8/2025,AIRBNB * HMSNQAB3MZ AIRBNB.COM CA,AIRBNB.COM    CA,-1657.14
4/8/2025,BARNES & NOBLE #3401 KIRKLAND WA,KIRKLAND      WA,-76.06
4/8/2025,TRADER JOE S #132 KIRKLAND WA,KIRKLAND      WA,-44.82
4/9/2025,SQ *THAI THAI KITCHEN STAStanwood WA,Stanwood      WA,-153.57
4/9/2025,TST*CAMANO COMMONS Camano IslandWA,Camano Island WA,-8.27
4/10/2025,TST*TUTTA BELLA NEAPOLIT Seattle WA,Seattle       WA,-50.19
4/10/2025,METROPOLITAN MARKET MERCER ISLANDWA,MERCER ISLAND WA,-3.31
4/10/2025,SQ *MOLLY MOON'S COLUMBIASeattle WA,Seattle       WA,-21.9
4/10/2025,SQ *TRUE NORTH BAKERY Burlington WA,Burlington    WA,-9.14
4/11/2025,SPO*CASCADIAPIZZACO-BELLEBELLEVUE WA,BELLEVUE      WA,-26.95
4/11/2025,CORPORATE AIR CENTER BURLINGTON WA,BURLINGTON    WA,-126.06
4/11/2025,H ST HAIR WASHINGTON DC,WASHINGTON    DC,-78
4/11/2025,TST*CAMANO COMMONS Camano IslandWA,Camano Island WA,-14.41
4/12/2025,TACNETLTD.COM 441865451662,,-69.95
4/12/2025,WSP BACKGROUND CHECKS 360-534-2109 WA,360-534-2109  WA,-10
4/12/2025,WSP BACKGROUND CHECKS 360-534-2109 WA,360-534-2109  WA,-11
4/14/2025,FSP*EASTSIDE LIMOUSINE 425-558-4755 WA,425-558-4755  WA,-102
4/14/2025,Netflix.com netflix.com CA,netflix.com   CA,-19.82
4/15/2025,CURB LV TAXI YCS QUEENS NY,QUEENS        NY,-20.17
4/15/2025,CURB LV TAXI NELLIS QUEENS NY,QUEENS        NY,-20.71
4/15/2025,6116_MMW_LAS Las Vegas NV,Las Vegas     NV,-7.99
4/15/2025,MGMRI - SHARK REEF 185-52755733 NV,185-52755733  NV,-178
4/15/2025,DESERT CAB LAS VEGAS NV,LAS VEGAS     NV,-30.11
4/15/2025,MANDALAY - CITIZENS LAS VEGAS NV,LAS VEGAS     NV,-32.59
4/15/2025,SAM CHOY TO THE MAXSEATACSEATAC WA,SEATAC        WA,-98.49
4/15/2025,Garmin 800-5112459 ME,800-5112459   ME,-16.47
4/16/2025,MANDALAY BAY HTL SELF PA LAS VEGAS NV,LAS VEGAS     NV,-20
4/16/2025,CURB LV TAXI YCS QUEENS NY,QUEENS        NY,-23.46
4/16/2025,CURB LV TAXI YCS QUEENS NY,QUEENS        NY,-28.91
4/16/2025,LA REAL DE MICHOACAN HENDERSON NV,HENDERSON     NV,-8.91
4/16/2025,LA REAL DE MICHOACAN HENDERSON NV,HENDERSON     NV,-93.36
4/16/2025,SLING.COM 888-363-1777 CO,888-363-1777  CO,-12.99
4/16/2025,CKE*PACIFIC DINER HENDERSHENDERSON NV,HENDERSON     NV,-230.93
4/16/2025,SPHERE-CONCESSIONS LAS VEGAS NV,LAS VEGAS     NV,-45.35
4/16/2025,MANDALAY - CITIZENS LAS VEGAS NV,LAS VEGAS     NV,-35.72
4/16/2025,MANDALAY - CITIZENS LAS VEGAS NV,LAS VEGAS     NV,-79.27
4/16/2025,MANDALAY - MOOREA BAR LAS VEGAS NV,LAS VEGAS     NV,-475
4/16/2025,WHC CAB LAS VEGAS NV,LAS VEGAS     NV,-25.39
4/16/2025,ABC #104 LV LAS VEGAS NV,LAS VEGAS     NV,-6.22
4/17/2025,Online payment from CHK 9942,,4911.9
4/17/2025,MANDALAY BAY HTL SELF PA LAS VEGAS NV,LAS VEGAS     NV,-20
4/17/2025,MANDALAY BAY HTL SELF PA LAS VEGAS NV,LAS VEGAS     NV,-20
4/17/2025,ENTERPRISE RENT-A-CAR LAS VEGAS NV,LAS VEGAS     NV,-478.08
4/17/2025,MANDALAY - NOODLE SHOP LAS VEGAS NV,LAS VEGAS     NV,-561.77
4/17/2025,DESERT CAB LAS VEGAS NV,LAS VEGAS     NV,-26.34
4/17/2025,PALAZZO SHOWROOM BAR LAS VEGAS NV,LAS VEGAS     NV,-7.58
4/18/2025,BABYSTACKS CAFE 7 LAS VEGAS NV,LAS VEGAS     NV,-189.12
4/18/2025,METROPOLIS PARKING METROPOLIS.IOTN,METROPOLIS.IO TN,-7.99
4/18/2025,RECREATION.GOV ALBUQUERQUE NM,ALBUQUERQUE   NM,-22
4/19/2025,MACPHERSON PRODUCE SEATTLE WA,SEATTLE       WA,-27.39
4/21/2025,CARREFOURMARKET PARIS,,-27.36
4/21/2025,CHATEAU D AMBOIS2932818 AMBOISE,,-38.55
4/21/2025,DB Automaten Frankfurt am,,-65.8
4/21/2025,EXPEDIA 73085471437070 EXPEDIA.COM WA,EXPEDIA.COM   WA,-288.35
4/21/2025,FSP*EASTSIDE LIMOUSINE 425-558-4755 WA,425-558-4755  WA,-102
4/21/2025,SDOT PAYBYPHONE PARKING 206-684-5260 WA,206-684-5260  WA,-2
4/22/2025,INTEREST CHARGED ON BANK CASH ADVANCES,,-0.16
4/22/2025,LES 4 SAISONS AMBOISE,,-23.61
4/22/2025,COFIROUTE 92506,,-25.2
4/22/2025,VIRGINIA MASON MEDICAL CE206-2236601 WA,206-2236601   WA,-215.15
4/23/2025,RATP PARIS,,-2.89
4/23/2025,RATP PARIS,,-2.89
4/23/2025,COFIROUTE 92506,,-1.04
4/23/2025,COFIROUTE 92506,,-29.98
4/23/2025,CARREFOURMARKET PARIS,,-19.27
4/23/2025,HORODATEURS AUT 2327664 37/TOURS,,-4.05
4/23/2025,CLOITRE PSALETTE2620492 37TOURS,,-9.26
4/23/2025,CHATEAU BELMONT TOURS,,-122.12
4/23/2025,VILLAGE CLEANERS MERCER ISLANDCA,MERCER ISLAND CA,-37.93
4/23/2025,MERCER NAILS & SPA MERCER ISLANDWA,MERCER ISLAND WA,-61
4/24/2025,CAFE DE PARIS PARIS,,-109.48
4/24/2025,FOREFLIGHT LLC 855-583-5087 TX,855-583-5087  TX,-1065.64
4/24/2025,COLUMBIA CITY PARKING SEATTLE WA,SEATTLE       WA,-2
4/24/2025,COLUMBIA CITY PARKING SEATTLE WA,SEATTLE       WA,-2
4/24/2025,SQ *MOLLY MOON'S COLUMBIASeattle WA,Seattle       WA,-10
4/24/2025,SQ *MOLLY MOON'S COLUMBIASeattle WA,Seattle       WA,-18.65
4/26/2025,PUMA ENERGY NAM-EROS A WINDHOEK,,-533.68
4/26/2025,DISCHEM GROVE WINDHOEK,,-17.2
4/26/2025,OPENAI *CHATGPT SUBSCR OPENAI.COM CA,OPENAI.COM    CA,-22.04
4/26/2025,CHECKERS 64913 GROVE WINDHOEK,,-40.32
4/28/2025,Garmin 800-5112459 ME,800-5112459   ME,-13.17
4/28/2025,EXPEDIA 73084548923059 EXPEDIA.COM WA,EXPEDIA.COM   WA,-411
4/29/2025,CAMANO ISLAND COFFEE CAMANO ISLANDWA,CAMANO ISLAND WA,-12.5
5/1/2025,DIGITALOCEAN.COM DIGITALOCEAN.NY,DIGITALOCEAN. NY,-13.22
5/1/2025,COLUMBIA CITY PARKING SEATTLE WA,SEATTLE       WA,-2
5/3/2025,PORTUGUES FISHERMAN RES LUDERITZ,,-309.45
5/5/2025,PUMA ENERGY NAM-EROS A WINDHOEK,,-623.95
5/5/2025,Posthotel Leavenworth 509-5487678 WA,509-5487678   WA,-775.62
5/5/2025,SCHOLASTIC BOOK FAIRS R4 LAKE MARY FL,LAKE MARY     FL,-12.12
5/5/2025,SCHOLASTIC BOOK FAIRS R4 LAKE MARY FL,LAKE MARY     FL,-14.32
5/6/2025,EXPEDIA 73098705690268 EXPEDIA.COM WA,EXPEDIA.COM   WA,-704.36
5/6/2025,Scribd *589159419 415-2336230 CA,415-2336230   CA,-13.23
5/7/2025,PASS ZATD WWW.TRAVELDOC,,-74
5/7/2025,DELTA AIR 0062329773455800-2211212 CA,800-2211212   CA,-1797.01
5/7/2025,DELTA AIR 0062329773454800-2211212 CA,800-2211212   CA,-1797.01
5/7/2025,DELTA AIR 0062329773453800-2211212 CA,800-2211212   CA,-1797.01
5/7/2025,DELTA AIR 0062329773452800-2211212 CA,800-2211212   CA,-1797.01
5/7/2025,Solitaire Country Lod G Sesriem,,-6.31
5/7/2025,VILLAGE CLEANERS MERCER ISLANDCA,MERCER ISLAND CA,-27.53
5/7/2025,AIRBNB * HMRAP3QMSC AIRBNB.COM CA,AIRBNB.COM    CA,-2477.21
5/8/2025,Solitaire Country Lod G Sesriem,,-5.46
5/8/2025,FSP*EASTSIDE LIMOUSINE 425-558-4755 WA,425-558-4755  WA,-102
5/8/2025,PUMA ENERGY NAM-EROS A WINDHOEK,,-251.78
5/8/2025,PnP Crp Waterfront WATERFRONT,,-27.04
5/8/2025,NAC EROS AIRPORT WINDHOEK,,-20.79
5/9/2025,GUARDIAN PEAK 112631 STELLENBOSCH,,-93.63
5/9/2025,EXCLUSIVE BOOKS WATERF Cape Town,,-21.48
5/9/2025,WOOLWORTHS SOMERSET WEST,,-8.56
5/10/2025,POSTNET VA WATERFRONT CAPE TOWN,,-36.9
5/12/2025,Online payment from CHK 9942,,17505.56
5/12/2025,STUBHUB INC 866-788-2482 CA,866-788-2482  CA,-1134.96
5/12/2025,FSP*EASTSIDE LIMOUSINE 425-558-4755 WA,425-558-4755  WA,-102
5/12/2025,EXCLUSIVE BOOKS AIRPOR Kempton Park,,-36.73
5/12/2025,SIGNATURE FLIGHT SUPPO CAPE TOWN,,-1346.53
5/13/2025,RAMC AIRCRAFT FUEL GERMISTON,,-963.86
5/13/2025,TST*VIVIENNES BISTRO Mercer IslandWA,Mercer Island WA,-757.11
5/14/2025,Online payment from CHK 9942,,4341.19
5/14/2025,Netflix.com 408-5403700 CA,408-5403700   CA,-19.82
5/15/2025,Garmin 800-5112459 ME,800-5112459   ME,-16.47
5/16/2025,SLING.COM 888-363-1777 CO,888-363-1777  CO,-12.99
5/16/2025,ALASKA AIR 0272105545190SEATTLE WA,SEATTLE       WA,-548.3
5/17/2025,DIAMOND PARKING parkmobilecomWA,parkmobilecom WA,-13.48
5/17/2025,SQ *MIRIAM?S BAKESHOP Mercer IslandWA,Mercer Island WA,-26
5/17/2025,Avis Rent A Car 1 SANDTON,,-95.09
5/19/2025,THE MUSEUM OF FLIGHT MAINTUKWILA WA,TUKWILA       WA,-42.49
5/19/2025,CTLP*Venuplus Inc ORLANDO FL,ORLANDO       FL,-3.5
5/19/2025,"ParkWhiz, Inc. Chicago IL",Chicago       IL,-19.08
5/19/2025,ALASKA AIR 0272105742625SEATTLE WA,SEATTLE       WA,-1946.6
5/19/2025,CHEVRON 0092003 MERCER ISLANDWA,MERCER ISLAND WA,-48.2
5/20/2025,CAMOCEAN COFFEE COMPANY CAMANO ISLANDWA,CAMANO ISLAND WA,-5.7
5/20/2025,TST*BLUE HERON KITCHEN A Camano WA,Camano        WA,-319.41
5/21/2025,DELTA AIR 0062333866720800-2211212 CA,800-2211212   CA,-1648
5/21/2025,Perkins Coie SEATTLE WA,SEATTLE       WA,-70
5/23/2025,CAMOCEAN COFFEE COMPANY CAMANO ISLANDWA,CAMANO ISLAND WA,-19.11
5/23/2025,BRITISH A 1252209983414WWW.BRITISHAI,,-206.94
5/23/2025,EL AL 114249114117297239771111,,-1402.4
5/23/2025,NORTH IDAHO JET HAYDEN LAKE ID,HAYDEN LAKE   ID,-743.23
5/23/2025,VIRGINIA MASON MEDICAL CE206-2236601 WA,206-2236601   WA,-485.85
5/24/2025,FIRST LIGHT CONDO FIRSTLIGHTSEAWA,FIRSTLIGHTSEA WA,-51.87
5/24/2025,FSP*EASTSIDE LIMOUSINE 425-558-4755 WA,425-558-4755  WA,-102
5/24/2025,TST* YUZEN JAPANESE CUISIMERCER ISLANDWA,MERCER ISLAND WA,-142.49
5/26/2025,"CURSOR, AI POWERED IDE CURSOR.COM NY",CURSOR.COM    NY,-211.58
5/26/2025,OPENAI *CHATGPT SUBSCR OPENAI.COM CA,OPENAI.COM    CA,-22.04
5/26/2025,Garmin 800-5112459 ME,800-5112459   ME,-5.36
5/26/2025,EL AL TEL AVIV INTER LOD NAMAL TEU,,-6032.09
5/26/2025,MERCER NAILS & SPA MERCER ISLANDWA,MERCER ISLAND WA,-240
5/27/2025,"SQ *TINY'S ORGANIC, LLC Seattle WA",Seattle       WA,-14.24
5/28/2025,ALLISTER 206-5520224 WA,206-5520224   WA,-465.7
5/28/2025,AIRBNB * HMRAP3QMSC AIRBNB.COM CA,AIRBNB.COM    CA,-364.29
5/28/2025,METROPOLITAN MARKET MERCER ISLANDWA,MERCER ISLAND WA,-7.7
5/28/2025,SOSIO'S PRODUCE SEATTLE WA,SEATTLE       WA,-43
5/28/2025,TST*LOLA - TOM DOUGLAS Seattle WA,Seattle       WA,-314.13
5/28/2025,Garmin 800-5112459 ME,800-5112459   ME,-13.17
5/29/2025,SQ *AXUM FOODS LLC Seattle WA,Seattle       WA,-5.41
5/29/2025,SQ *WENDY SIMPLY COOKS Tukwila WA,Tukwila       WA,-39.69
5/29/2025,SQ *WENDY SIMPLY COOKS Tukwila WA,Tukwila       WA,-20.84
5/29/2025,COLUMBIA CITY PARKING SEATTLE WA,SEATTLE       WA,-4
5/29/2025,SQ *MOLLY MOON'S COLUMBIASeattle WA,Seattle       WA,-18.65
5/29/2025,PETER MILLER BOOKS SEATTLE WA,SEATTLE       WA,-150.08
5/30/2025,AMATO DENTAL GROUP SEATTLE WA,SEATTLE       WA,-227.22
5/30/2025,METROPOLIS PARKING METROPOLIS.IOTN,METROPOLIS.IO TN,-9.99
5/30/2025,AIRBNB * HMRAP3QMSC AIRBNB.COM CA,AIRBNB.COM    CA,-2177.1
6/2/2025,Online payment from CHK 9942,,18375.3
6/2/2025,DIGITALOCEAN.COM DIGITALOCEAN.NY,DIGITALOCEAN. NY,-13.22
6/2/2025,CAMANO ISLAND COFFEE CAMANO ISLANDWA,CAMANO ISLAND WA,-21.29
6/4/2025,LW Theatres Group Limitedlondon,,-334.33
6/4/2025,CHRISTIANSON'S NURSERY 360-466-3821 WA,360-466-3821  WA,-668.12
6/4/2025,SPORTY'S CATALOGS 513-735-9000 OH,513-735-9000  OH,-792.45
6/5/2025,ORCHARDS NURSERY STANWOOD WA,STANWOOD      WA,-86.3
6/5/2025,ORCHARDS NURSERY STANWOOD WA,STANWOOD      WA,-32.34
6/5/2025,ORCHARDS NURSERY STANWOOD WA,STANWOOD      WA,-1022.18
6/5/2025,CAMANO ISLAND COFFEE CAMANO ISLANDWA,CAMANO ISLAND WA,-7.25
6/5/2025,AMATO DENTAL GROUP SEATTLE WA,SEATTLE       WA,-257.5
6/6/2025,WSDOT-GOODTOGO ONLINE RENTON WA,RENTON        WA,-100
6/6/2025,DONNAS ESPRESSO MARYSVILLE WA,MARYSVILLE    WA,-3.77
6/6/2025,VM PARKING TERRY UNIV LOTSEATTLE WA,SEATTLE       WA,-5
6/6/2025,EYE SOCIETY BELLEVUE BELLEVUE WA,BELLEVUE      WA,-1059.2
6/6/2025,Scribd *589159419 415-2336230 CA,415-2336230   CA,-13.23
6/7/2025,SQ *MIRIAM?S BAKESHOP Mercer IslandWA,Mercer Island WA,-13
6/7/2025,Pacific Northwest Ball Seattle WA,Seattle       WA,-219
6/7/2025,TST* DOUGH ZONE - DOWNTOWBELLEVUE WA,BELLEVUE      WA,-177.28
6/7/2025,STARBUCKS 03310 MERCER ISLANDWA,MERCER ISLAND WA,-13.23
6/9/2025,KATHAKALI AN INDIAN EATERKIRKLAND WA,KIRKLAND      WA,-111.08
6/9/2025,CORPORATE AIR CENTER BURLINGTON WA,BURLINGTON    WA,-164.83
6/9/2025,PETER MILLER BOOKS SEATTLE WA,SEATTLE       WA,-145.66
6/9/2025,EASTSIDE MOBILE AUTO GLAS206-255-7827 WA,206-255-7827  WA,-764.53
6/9/2025,TST*SERIOUS PIE DOWNTOWN Seattle WA,Seattle       WA,-139.47
6/9/2025,SQ *SEATTLE POPS - FARMERSeattle WA,Seattle       WA,-13.5
6/9/2025,TST*PRELUDE Seattle WA,Seattle       WA,-49.94
6/9/2025,TST*SANO CAFE Mercer IslandWA,Mercer Island WA,-10.35
6/10/2025,CORPORATE AIR CENTER BURLINGTON WA,BURLINGTON    WA,-740.74
6/11/2025,VILLAGE CLEANERS MERCER ISLANDCA,MERCER ISLAND CA,-20.89
6/12/2025,English Heritage Trust Swindon,,-45.49
6/12/2025,Online payment from CHK 9942,,6999.68
6/13/2025,REST IS POLITICS US UCKFIELD,,-81.41
6/14/2025,SQ *BRIOCHE COFFEE & BRUNLondon,,-52.12
6/14/2025,FSP*EASTSIDE LIMOUSINE 425-558-4755 WA,425-558-4755  WA,-102
6/14/2025,www.headout.com Berlin,,-56.86
6/14/2025,NETFLIX.COM NETFLIX.COM CA,NETFLIX.COM   CA,-19.82
6/16/2025,SLING.COM 888-363-1777 CO,888-363-1777  CO,-12.99
6/16/2025,SCIENCE MUSEUM LONDON,,-10.23
6/16/2025,ZOLEO USA Inc. SEATTLE WA,SEATTLE       WA,-28.65
6/16/2025,SQ *CITY CRUISES London,,-23.32
6/16/2025,PRET A MANGER LONDON,,-30.74
6/18/2025,THE INDIA 4 - BEST OF THELONDON,,-199.62
6/19/2025,"SQ *FEDELE OXFORD LTD High Street,",,-13.59
6/19/2025,Zettle_*Sartorelli?s Ltd Witney,,-28.53
6/19/2025,ZETTLE_*SARTORELLI S L WITNEY,,-15.63
6/20/2025,Online payment from CHK 9942,,4835.13
6/20/2025,EL AL 114249114117297239771111,,1400.51
6/20/2025,UBER *TRIP HELP.UBER.COM,,-13.97
6/20/2025,ATM - TRANSACTION FEE,,-18.48
6/20/2025,ROYAL BANK UK / TESCO NRTH HA,,-369.75
6/21/2025,THE GAINSBOROUGH BATH,,-1616.21
6/21/2025,WELCOME B/WAITROSE FLEET SOUTH,,-9.36
6/21/2025,WELCOME B/WAITROSE FLEET SOUTH,,-3.44
6/23/2025,EL AL TEL AVIV INTER LOD NAMAL TEU,,6032.09
6/23/2025,76 - GURANAND 3 INC SEATTLE WA,SEATTLE       WA,-82.94
6/23/2025,PRET A MANGER HEATHROW,,-20.14
6/23/2025,THE GAINSBOROUGH BATH,,-68.25
6/23/2025,TICKETSOURCE 0333 666 4466,,-58.28
6/24/2025,AVIS.COM PREPAY 8003527900 VA,8003527900    VA,-147.19
6/24/2025,AVIS RENT-A-CAR E539612953,,-462.28
6/24/2025,METROPOLIS PARKING METROPOLIS.IOTN,METROPOLIS.IO TN,-9.99
6/25/2025,NOTRE DAME PARIS PARIS,,-11.58
6/25/2025,MON PETIT POULET PARIS 17,,-13.32
6/25/2025,COCO PASSION PARIS 4,,-8.11
6/25/2025,TERRASSE DE MME 2939319 PARIS0000556/,,-9.85
6/25/2025,ALTO ONSITE PARIS 1,,-6.95
6/25/2025,Fat Tire Tours Holdings L732-9153680 TX,732-9153680   TX,-52.12
6/25/2025,Garmin 800-5112459 ME,800-5112459   ME,-16.52
6/26/2025,ISLAND COUNTY CAMANO OUTBCAMANO ISLANDWA,CAMANO ISLAND WA,-14.75
6/26/2025,OPENAI *CHATGPT SUBSCR OPENAI.COM CA,OPENAI.COM    CA,-22.04
6/27/2025,SQ *THAI THAI KITCHEN STAStanwood WA,Stanwood      WA,-77.93
6/28/2025,TAN SOK CHOEU VITRY SUR SEI,,-86.92
6/28/2025,TAN SOK CHOEU VITRY SUR SEI,,-7.05
6/28/2025,CAMANO ISLAND COFFEE CAMANO ISLANDWA,CAMANO ISLAND WA,-5
6/28/2025,Garmin 800-5112459 ME,800-5112459   ME,-13.17
6/30/2025,AVIS RENT-A-CAR SANTA ROSA CA,SANTA ROSA    CA,-2.5
6/30/2025,STARBUCKS STORE 03310 MERCER ISLANDWA,MERCER ISLAND WA,-15.71
7/1/2025,ORCA 8889886722 WA,8889886722    WA,-3
7/1/2025,DIGITALOCEAN.COM DIGITALOCEAN.NY,DIGITALOCEAN. NY,-13.22
7/1/2025,IL BISTRO SEATTLE WA,SEATTLE       WA,-378.81
7/1/2025,SANTA ROSA JET CENTER SANTA ROSA CA,SANTA ROSA    CA,-904.24
7/2/2025,QFC #5806 MERCER ISLANDWA,MERCER ISLAND WA,-36.25
7/2/2025,QFC #5806 MERCER ISLANDWA,MERCER ISLAND WA,-5.12
7/2/2025,MERCER NAILS & SPA MERCER ISLANDWA,MERCER ISLAND WA,-37
7/4/2025,COURTYARD BY MARRIOTT BOSTON MA,BOSTON        MA,-454.18
7/4/2025,STARBUCKS STORE 03310 MERCER ISLANDWA,MERCER ISLAND WA,-12.68
7/4/2025,THE HOME DEPOT #4711 BELLEVUE WA,BELLEVUE      WA,-68.15
7/5/2025,ELGER BAY FOOD MART CAMANO ISLANDWA,CAMANO ISLAND WA,-11.9
7/5/2025,ELGER BAY FOOD MART CAMANO ISLANDWA,CAMANO ISLAND WA,-7.38
7/5/2025,ELGER BAY FOOD MART CAFE CAMANO WA,CAMANO        WA,-10.39
7/5/2025,CAMANO ISLAND COFFEE CAMANO ISLANDWA,CAMANO ISLAND WA,-7.25
7/5/2025,ACE PARKING 3286 BELLVUE WA,BELLVUE       WA,-8
7/5/2025,HAGGEN 3480 STANWOOD WA,STANWOOD      WA,-5.3
7/7/2025,CAMANO ISLAND COFFEE CAMANO ISLANDWA,CAMANO ISLAND WA,-18.85
7/7/2025,STANWOOD CINEMAS B&M STANWOOD WA,STANWOOD      WA,-139.5
7/7/2025,Scribd *589159419 415-2336230 CA,415-2336230   CA,-13.23
7/8/2025,CAMANO PLAZA MA CAMANO ISLANDWA,CAMANO ISLAND WA,-37.58
7/8/2025,ISLAND COUNTY CAMANO OUTBCAMANO ISLANDWA,CAMANO ISLAND WA,-14.75
7/9/2025,CAMANO ISLAND STATE PARK CAMANO ISLANDWA,CAMANO ISLAND WA,-7
7/9/2025,CAMANO ISLAND COFFEE CAMANO ISLANDWA,CAMANO ISLAND WA,-6.98
7/9/2025,CAMANO MARINE CAMANO ISLANDWA,CAMANO ISLAND WA,-2066.54
7/10/2025,CAMANO ISLAND COFFEE CAMANO ISLANDWA,CAMANO ISLAND WA,-6.98
7/10/2025,ISLAND COUNTY CAMANO OUTBCAMANO ISLANDWA,CAMANO ISLAND WA,-14.75
7/11/2025,DONNAS ESPRESSO MARYSVILLE WA,MARYSVILLE    WA,-3.57
7/11/2025,VILLAGE CLEANERS MERCER ISLANDCA,MERCER ISLAND CA,-154.14
7/11/2025,QFC #5806 MERCER ISLANDWA,MERCER ISLAND WA,-5.12
7/11/2025,JOECOFFEE-CAFFE LADRO 120-65313212 WA,120-65313212  WA,-7.73
7/14/2025,ISLAND COUNTY CAMANO OUTBCAMANO ISLANDWA,CAMANO ISLAND WA,-15.25
7/14/2025,NETFLIX.COM NETFLIX.COM CA,NETFLIX.COM   CA,-19.82
7/16/2025,SLING.COM 888-363-1777 CO,888-363-1777  CO,-12.99
7/16/2025,ARANGRANT AIR TKT 888-9463882 CA,888-9463882   CA,-1794.12
7/16/2025,ALASKA AIR 0272111447639SEATTLE WA,SEATTLE       WA,-1209.65
7/16/2025,ALASKA AIR 0272111447638SEATTLE WA,SEATTLE       WA,-1209.65
7/16/2025,ZOLEO USA Inc. SEATTLE WA,SEATTLE       WA,-28.65
7/18/2025,KOZA TURKISH GROCERY KIRKLAND WA,KIRKLAND      WA,-39.39
7/18/2025,IN FLIGHT PURCHASE REBATE,,55.66
7/18/2025,ALASKA AIR 0272111689852SEATTLE WA,SEATTLE       WA,-278.3
7/18/2025,IN FLIGHT PURCHASE REBATE,,64.66
7/18/2025,ALASKA AIR 0272111689770SEATTLE WA,SEATTLE       WA,-323.3
7/18/2025,CORPORATE AIR CENTER BURLINGTON WA,BURLINGTON    WA,-129.7
7/18/2025,VIRGINIA MASON MEDICAL CE206-2236601 WA,206-2236601   WA,-341.93
7/18/2025,VIRGINIA MASON MEDICAL CE206-2236601 WA,206-2236601   WA,-40
7/19/2025,STARBUCKS STORE 03321 MARYSVILLE WA,MARYSVILLE    WA,-4.82
7/19/2025,ALASKA AIR 0272111447639SEATTLE WA,SEATTLE       WA,254.5
7/19/2025,ALASKA AIR 0272111447638SEATTLE WA,SEATTLE       WA,254.5
7/19/2025,IN FLIGHT PURCHASE REBATE,,175.32
7/19/2025,ALASKA AIR 0272111709291SEATTLE WA,SEATTLE       WA,-876.6
7/19/2025,NY REVIEW OF BOOKS 800-354-0050 NY,800-354-0050  NY,-129.95
7/22/2025,CAFE VELOCE 425-8142972 WA,425-8142972   WA,-157.36
7/23/2025,JUDYS COUNTRY KITCHEN LLCCENTRALIA WA,CENTRALIA     WA,-57.74
7/24/2025,IN FLIGHT REBATE ADJ,,-175.32
7/24/2025,IN FLIGHT REBATE ADJ,,-55.66
7/24/2025,IN FLIGHT REBATE ADJ,,-64.66
7/24/2025,GWL GRAND MOUND WOODS 800-6409653 WA,800-6409653   WA,-8.45
7/24/2025,GWL GRAND MOUND WOODS 800-6409653 WA,800-6409653   WA,-5.99
7/25/2025,Garmin 800-5112459 ME,800-5112459   ME,-25.32
7/26/2025,Online payment from CHK 9942,,1963.5
7/26/2025,WA DOL LIC & REG 41782 KENT WA,KENT          WA,-140.08
7/26/2025,OPENAI *CHATGPT SUBSCR OPENAI.COM CA,OPENAI.COM    CA,-22.04
7/28/2025,THE MUSEUM OF FLIGHT MAINTUKWILA WA,TUKWILA       WA,-70.19
7/28/2025,Garmin 800-5112459 ME,800-5112459   ME,-13.17
7/28/2025,DIM SUM FACTORY 131-27305592 IL,131-27305592  IL,-111.68
7/28/2025,LES SCHWAB #419 BELLEVUE WA,BELLEVUE      WA,-2711.49
7/29/2025,LUFTHANSA 2202230313805KOLN,,-265.82
7/30/2025,DIAMOND PARKING parkmobilecomWA,parkmobilecom WA,-13.48
7/31/2025,TPD JUANITA 119 KIRKLAND WA,KIRKLAND      WA,-18.65
8/1/2025,DIGITALOCEAN.COM DIGITALOCEAN.NY,DIGITALOCEAN. NY,-13.22
8/4/2025,AMAZON MKTPL*2G3CU58M3 Amzn.com/billWA,Amzn.com/bill WA,-45.98
8/4/2025,CAMANO ISLAND COFFEE CAMANO ISLANDWA,CAMANO ISLAND WA,-14.32
8/4/2025,AMAZON RETA* HV6AX37B3 WWW.AMAZON.COWA,WWW.AMAZON.CO WA,-26.54
8/4/2025,mcafee.com/autorenewal 866-6223911 CA,866-6223911   CA,-132.23
8/4/2025,AMAZON MKTPL*LU2A765J3 Amzn.com/billWA,Amzn.com/bill WA,-94.35
8/4/2025,AMAZON MKTPL*939Y966H3 Amzn.com/billWA,Amzn.com/bill WA,-55.76
8/4/2025,AMAZON MKTPL*BX3XA0RY3 Amzn.com/billWA,Amzn.com/bill WA,-26.06
8/4/2025,AMAZON RETA* X10HB57L3 WWW.AMAZON.COWA,WWW.AMAZON.CO WA,-32.08
8/5/2025,AMAZON RETA* U043T5IR3 WWW.AMAZON.COWA,WWW.AMAZON.CO WA,-38.07
8/5/2025,AMAZON RETA* 4W7E37JF3 WWW.AMAZON.COWA,WWW.AMAZON.CO WA,-11.24
8/5/2025,SQ *MACRINA - MERCER ISLAMercer IslandWA,Mercer Island WA,-18.21
8/5/2025,AMAZON MKTPL*KY8K40AP3 Amzn.com/billWA,Amzn.com/bill WA,-110.97
8/5/2025,THE BAKED CAFE CAMANO ISLANDWA,CAMANO ISLAND WA,-7.75
8/5/2025,THE BAKED CAFE CAMANO ISLANDWA,CAMANO ISLAND WA,-43.71
8/6/2025,CINDY'S BEAUTY SALON MERCER ISLANDWA,MERCER ISLAND WA,-114
8/6/2025,VIRGINIA MASON MEDICAL CE206-2236601 WA,206-2236601   WA,-835.39
8/6/2025,TST* ASA MERCER ISLANDWA,MERCER ISLAND WA,-22.48
8/6/2025,TST* VIVIENNES BISTRO MERCER ISLANDWA,MERCER ISLAND WA,-338.5
8/6/2025,Scribd *589159419 415-2336230 CA,415-2336230   CA,-13.23
8/7/2025,SDOT PAYBYPHONE PARKING 206-684-2489 WA,206-684-2489  WA,-7
8/7/2025,SDOT PAYBYPHONE PARKING 206-684-2489 WA,206-684-2489  WA,-7
8/7/2025,UW PAY BY PHONE 206-685-1553 WA,206-685-1553  WA,-10
8/8/2025,LUFTHANSA 2202230814971KOLN,,-468.24
8/9/2025,COSTCO WHSE #0662 BURLINGTON WA,BURLINGTON    WA,-246.86
8/9/2025,COSTCO WHSE #0662 BURLINGTON WA,BURLINGTON    WA,-1.63
8/11/2025,CCBill.com *Offworld Med888-5969279 AZ,888-5969279   AZ,-35
8/12/2025,ISLAND COUNTY CAMANO OUTBCAMANO ISLANDWA,CAMANO ISLAND WA,-14.75
8/13/2025,ELGER BAY FOOD MART CAMANO ISLANDWA,CAMANO ISLAND WA,-10.37
8/13/2025,ELGER BAY FOOD MART CAFE CAMANO WA,CAMANO        WA,-11.85
8/14/2025,Online payment from CHK 9942,,6566.53
8/14/2025,CAMANO ISLAND COFFEE CAMANO ISLANDWA,CAMANO ISLAND WA,-13.5
8/14/2025,CAMANO ISLAND COFFEE CAMANO ISLANDWA,CAMANO ISLAND WA,-12.14
8/14/2025,THE INFORMATION THEINFORMATIOCA,THEINFORMATIO CA,-329.5
8/14/2025,CBI*Acronis 151-2289241 IL,151-2289241   IL,-209.37
8/14/2025,NETFLIX.COM NETFLIX.COM CA,NETFLIX.COM   CA,-19.82
8/15/2025,CAMANO ISLAND COFFEE CAMANO ISLANDWA,CAMANO ISLAND WA,-26.46
8/16/2025,SLING.COM 888-363-1777 CO,888-363-1777  CO,-12.99
8/16/2025,CAMANO ISLAND COFFEE CAMANO ISLANDWA,CAMANO ISLAND WA,-16.76
8/16/2025,ISLAND COUNTY CAMANO OUTBCAMANO ISLANDWA,CAMANO ISLAND WA,-14.75
8/16/2025,JANES RADIANT 425-267-0202 WA,425-267-0202  WA,-314.44
8/16/2025,ZOLEO USA Inc. SEATTLE WA,SEATTLE       WA,-28.65
8/18/2025,ISLAND COUNTY CAMANO OUTBCAMANO ISLANDWA,CAMANO ISLAND WA,-15.25
8/18/2025,SAHARA PIZZA - 102ND AVE STANWOOD WA,STANWOOD      WA,-124.34
8/18/2025,ELGER BAY FOOD MART CAMANO ISLANDWA,CAMANO ISLAND WA,-111.73
8/18/2025,CAMANO PLAZA MA CAMANO ISLANDWA,CAMANO ISLAND WA,-27.07
8/18/2025,CAMANO PLAZA MA CAMANO ISLANDWA,CAMANO ISLAND WA,-102.66
8/18/2025,CAMANO ISLAND COFFEE CAMANO ISLANDWA,CAMANO ISLAND WA,-6.25
8/19/2025,AVIS RENT-A-CAR SPOKANE WA,SPOKANE       WA,-257.98
8/20/2025,MUSIC FOR THE EYES LANGLEY WA,LANGLEY       WA,-1149.95
8/21/2025,CAMANO ISLAND COFFEE CAMANO ISLANDWA,CAMANO ISLAND WA,-5.94
8/21/2025,JANES RADIANT 425-267-0202 WA,425-267-0202  WA,-2834.25
8/21/2025,THE STAR STORE LANGLEY WA,LANGLEY       WA,-101.17
8/21/2025,PORT OF SOUTH WHIDBEY COUPEVILLE WA,COUPEVILLE    WA,-7
8/22/2025,EXPEDIA 73216014890497 EXPEDIA.COM WA,EXPEDIA.COM   WA,-15.57
8/23/2025,COSTCO WHSE #0001 SEATTLE WA,SEATTLE       WA,-217.24
8/23/2025,CAMANO ISLAND COFFEE CAMANO ISLANDWA,CAMANO ISLAND WA,-6.98
8/23/2025,JANES RADIANT 425-267-0202 WA,425-267-0202  WA,-2834.25
8/25/2025,CAMANO ISLAND STATE PARK 360-902-8572 WA,360-902-8572  WA,-7
8/25/2025,US CUSTOMS DTOPS 317-298-1245 IN,317-298-1245  IN,-35.98
8/25/2025,TST*SANO CAFE Mercer IslandWA,Mercer Island WA,-20.4
8/25/2025,Garmin 800-5112459 ME,800-5112459   ME,-25.32
8/25/2025,MERCER NAILS & SPA MERCER ISLANDWA,MERCER ISLAND WA,-51
8/25/2025,ALASKA AIR 0272115262021SEATTLE WA,SEATTLE       WA,-308.3
8/25/2025,ALASKA AIR 0272115262020SEATTLE WA,SEATTLE       WA,-308.3
8/26/2025,EXPEDIA 73220320765207 EXPEDIA.COM WA,EXPEDIA.COM   WA,-215.52
8/26/2025,AIRBNB * TAQJ5EJP AIRBNB.COM CA,AIRBNB.COM    CA,-271.78
8/26/2025,PAGLIACCI JUANITA KIRKLAND WA,KIRKLAND      WA,-11.4
8/26/2025,OPENAI *CHATGPT SUBSCR OPENAI.COM CA,OPENAI.COM    CA,-22.04
8/26/2025,Online payment from CHK 9942,,8816.01
8/27/2025,AIRBNB * HM2P8HBQSQ AIRBNB.COM CA,AIRBNB.COM    CA,-604.09
8/27/2025,ALASKA AIR 0272115502675SEATTLE WA,SEATTLE       WA,-598.3
8/27/2025,ACE PARKING 3381 SEATTLE WA,SEATTLE       WA,-7
8/27/2025,SDOT PAYBYPHONE PARKING 206-684-2489 WA,206-684-2489  WA,-6.38
8/27/2025,UNITED 0162326279564UNITED.COM TX,UNITED.COM    TX,-658.19
8/27/2025,YYJ FBO SERVICES LTD NORTH SAANICHBC,NORTH SAANICH BC,-113.27
8/28/2025,CHEVRON 0356816 MERCER ISLANDWA,MERCER ISLAND WA,-49.59
8/28/2025,Garmin 800-5112459 ME,800-5112459   ME,-13.17
8/29/2025,OSPREY RESTAURANT AND B 509-5345805 WA,509-5345805   WA,-120.37
8/29/2025,SQ *NIJEBA SHIKURI Seattle WA,Seattle       WA,-47.16
9/1/2025,DIGITALOCEAN.COM DIGITALOCEAN.NY,DIGITALOCEAN. NY,-13.22
9/1/2025,GO RENTALS COE HAYDEN ID,HAYDEN        ID,-22.63
9/1/2025,GO RENTALS COE HAYDEN ID,HAYDEN        ID,-350
9/1/2025,MICHAEL'S TOYOTA OF BELL BELLEVUE WA,BELLEVUE      WA,-1980.62
9/1/2025,HYATT REG LKE WSHGTN F&B RENTON WA,RENTON        WA,-507.6
9/2/2025,ALASKA AIR 0272116003259SEATTLE WA,SEATTLE       WA,-268.3
9/3/2025,LUFTHANSA 2202232244968KOLN,,-114.19
9/3/2025,LUFTHANSA 2202232218058KOLN,,-147.69
9/3/2025,CAMANO ISLAND COFFEE CAMANO ISLANDWA,CAMANO ISLAND WA,-12.96
9/4/2025,AMAZING CARPET AND TIL amazingcarpetCA,amazingcarpet CA,-970
9/5/2025,VIRGINIA MASON MEDICAL CE206-2236601 WA,206-2236601   WA,-154.69
9/6/2025,SQ *ISLAND BOOKS MERCER ISLANDWA,MERCER ISLAND WA,-19.82
9/6/2025,PREMIUM PARKING PREMIUMPARKINLA,PREMIUMPARKIN LA,-30.46
9/6/2025,Scribd *589159419 415-2336230 CA,415-2336230   CA,-13.23
9/9/2025,CRYSTAL MOUNTAIN ENUMCLAW WA,ENUMCLAW      WA,-5.41
9/10/2025,TURKISH AIRL000000055W5K5WWW.TURKISHAINY,WWW.TURKISHAI NY,-7767.21
9/10/2025,CAMANO ISLAND COFFEE CAMANO ISLANDWA,CAMANO ISLAND WA,-6.98
9/10/2025,RYANMCBETH.COM RYANMCBETH.COMD,RYANMCBETH.CO MD,-100
9/11/2025,ACE PARKING 3288 SEATTLE WA,SEATTLE       WA,-7
9/12/2025,FORD OF KIRKLAND/HYUNDAI KIRKLAND WA,KIRKLAND      WA,-1623.84
9/12/2025,METROPOLIS PARKING METROPOLIS.IOTN,METROPOLIS.IO TN,-7.99
9/12/2025,PREMIUM PARKING PREMIUMPARKINLA,PREMIUMPARKIN LA,-10.49
9/12/2025,Garmin 800-5112459 ME,800-5112459   ME,-60.59
9/12/2025,WICKED BREW STANWOOD WA,STANWOOD      WA,-3.25
9/13/2025,Online payment from CHK 9942,,17692.73
9/15/2025,AEROMEXICO C1392159310736CUAUHT MOC,,-488.26
9/15/2025,AEROMEXICO C1392159310735CUAUHT MOC,,-488.26
9/15/2025,ALASKA AIR 0272117210134SEATTLE WA,SEATTLE       WA,-863.98
9/15/2025,ALASKA AIR 0272117210133SEATTLE WA,SEATTLE       WA,-863.98
9/15/2025,AIRBNB * HM2P8HBQSQ AIRBNB.COM CA,AIRBNB.COM    CA,-509.25
9/15/2025,NETFLIX.COM NETFLIX.COM CA,NETFLIX.COM   CA,-19.82
9/16/2025,SQ *ANDRII CO. Kirkland WA,Kirkland      WA,-11
9/16/2025,SLING.COM 888-363-1777 CO,888-363-1777  CO,-12.99
9/16/2025,ISLAND COUNTY CAMANO OUTBCAMANO ISLANDWA,CAMANO ISLAND WA,-14.75
9/16/2025,ZOLEO USA Inc. SEATTLE WA,SEATTLE       WA,-28.65
9/17/2025,FSP*EASTSIDE LIMOUSINE 425-558-4755 WA,425-558-4755  WA,-102
9/17/2025,UBER *TRIP HELP.UBER.COMCA,HELP.UBER.COM CA,-126.68
9/18/2025,COUNTRY INN & SUITES - BROOKINGS SD,BROOKINGS     SD,-133.1
9/18/2025,WAL-MART #1538 BROOKINGS SD,BROOKINGS     SD,-56.24
9/18/2025,EXPEDIA 73244879778030 EXPEDIA.COM WA,EXPEDIA.COM   WA,-146.13
9/18/2025,TST* LAKESIDE TAVERN & BRDETROIT LAKESMN,DETROIT LAKES MN,-34.27
9/19/2025,UBER *TRIP HELP.UBER.COMCA,HELP.UBER.COM CA,-33.56
9/19/2025,UBER *TRIP HELP.UBER.COMCA,HELP.UBER.COM CA,-7
9/19/2025,SPO*WHISKEYCREEKWOODFIREGBROOKINGS SD,BROOKINGS     SD,-46.31
9/19/2025,UBER *TRIP HELP.UBER.COMCA,HELP.UBER.COM CA,-47.92
9/19/2025,UBER *TRIP HELP.UBER.COMCA,HELP.UBER.COM CA,-11.98
9/19/2025,FAIRFIELD INN & SUITES DETROIT LAKESMN,DETROIT LAKES MN,-193.16
9/19/2025,COURTYARD BISMARCK NOR BISMARCK ND,BISMARCK      ND,-281.94
9/19/2025,SQ *BROOKINGS TAXI SERVICBROOKINGS SD,BROOKINGS     SD,-10.92
9/19/2025,UNITED 0162332799321UNITED.COM TX,UNITED.COM    TX,-594.48
9/19/2025,UNITED 0162332799320UNITED.COM TX,UNITED.COM    TX,-594.48
9/19/2025,PHEASANTS FURY AVIATION L605-3769708 SD,605-3769708   SD,-613.2
9/19/2025,UBER *TRIP HELP.UBER.COMCA,HELP.UBER.COM CA,-22.8
9/19/2025,EXECUTIVE AIR TAXI CORP. BISMARCK ND,BISMARCK      ND,-683.49
9/20/2025,Online payment from CHK 9942,,7040.6
9/20/2025,TST* LE PAIN QUOTIDIEN - WASHINGTON DC,WASHINGTON    DC,-46.81
9/20/2025,SQ *PACCI?S WASHINGTON DC,WASHINGTON    DC,-166.4
9/20/2025,CITY OF CHILLICOTHE CHILLICOTHE MO,CHILLICOTHE   MO,-300.12
9/20/2025,UNITED 0162332952057UNITED.COM TX,UNITED.COM    TX,-424.49
9/22/2025,UBER *TRIP HELP.UBER.COMCA,HELP.UBER.COM CA,-5
9/22/2025,UBER *TRIP HELP.UBER.COMCA,HELP.UBER.COM CA,-19.39
9/22/2025,UBER *TRIP HELP.UBER.COMCA,HELP.UBER.COM CA,-7
9/22/2025,UBER *TRIP HELP.UBER.COMCA,HELP.UBER.COM CA,-21.32
9/22/2025,SQ *FUZZY INK Riverdale MD,Riverdale     MD,-34
9/22/2025,AMAZON MKTPL*I46WB3J73 Amzn.com/billWA,Amzn.com/bill WA,-134.58
9/22/2025,AMAZON MKTPL*K93R07Q83 Amzn.com/billWA,Amzn.com/bill WA,-33.9
9/23/2025,SAIGON MARKET CEDAR RAPIDS IA,CEDAR RAPIDS  IA,-10.79
9/23/2025,UBER *TRIP HELP.UBER.COMCA,HELP.UBER.COM CA,-60.38
9/23/2025,UBER *TRIP HELP.UBER.COMCA,HELP.UBER.COM CA,-7.85
9/24/2025,UBER *TRIP HELP.UBER.COMCA,HELP.UBER.COM CA,-20.17
9/24/2025,UBER *TRIP HELP.UBER.COMCA,HELP.UBER.COM CA,-80.69
9/24/2025,TST*BLACK SHEEP SOCIAL C Cedar Rapids IA,Cedar Rapids  IA,-551.25
9/24/2025,AMAZON MKTPL*MR2VC0QV3 Amzn.com/billWA,Amzn.com/bill WA,-23.13
9/24/2025,PWK ATLANTIC WHEELING 847-8080812 IL,847-8080812   IL,-909.13
9/25/2025,AF/GIRLSCOUTPRODUCT 800-274-3666 WI,800-274-3666  WI,-26
9/25/2025,JEPPESEN SANDERSON 800-621-5377 CO,800-621-5377  CO,-619.33
9/25/2025,AMAZON MKTPL*NJ7129P20 Amzn.com/billWA,Amzn.com/bill WA,-22.03
9/25/2025,AMAZON RETA* 009QS22E3 WWW.AMAZON.COWA,WWW.AMAZON.CO WA,-67.8
9/25/2025,EXEC AIR INC OF MONTANA HELENA MT,HELENA        MT,-475.7
9/25/2025,MUSTANG AVIATION PIERRE SD,PIERRE        SD,-865.22
9/25/2025,TST* SHELLIE'S COUNTRY CAHELENA MT,HELENA        MT,-27.9
9/25/2025,DOUBLETREE CEDAR RAPID 319-7314444 IA,319-7314444   IA,-229.27
9/25/2025,Garmin 800-5112459 ME,800-5112459   ME,-25.32
9/26/2025,AIRGARAGE PARKING AIRGARAGE.COMCA,AIRGARAGE.COM CA,-45.65
9/26/2025,AMATO DENTAL GROUP SEATTLE WA,SEATTLE       WA,-125.45
9/26/2025,ECITIZEN NAIROBI,,-34.05
9/26/2025,AMAZON RETA* J575S5RM3 WWW.AMAZON.COWA,WWW.AMAZON.CO WA,-42.93
9/26/2025,OPENAI *CHATGPT SUBSCR OPENAI.COM CA,OPENAI.COM    CA,-22.04
9/26/2025,METROPOLIS PARKING METROPOLIS.IOTN,METROPOLIS.IO TN,-9.99
9/26/2025,AMAZON MKTPL*XF4GF1FP3 Amzn.com/billWA,Amzn.com/bill WA,-41.85
9/26/2025,AMAZON MKTPL*G14MX7KP3 Amzn.com/billWA,Amzn.com/bill WA,-48.48
9/26/2025,AMAZON RETA* 8H5781T53 WWW.AMAZON.COWA,WWW.AMAZON.CO WA,-33.05
9/27/2025,REGISTERED AGENT - WA SINGLEFILE.IOWA,SINGLEFILE.IO WA,-100
9/29/2025,Tiqets INC 617-8588844 PA,617-8588844   PA,-257.58
9/29/2025,KOUSATHANAS EL KAI S VOULIAGMENI,,-110.64
9/29/2025,UBER *TRIP HELP.UBER.COM,,-36.86
9/29/2025,FSP*EASTSIDE LIMOUSINE 425-558-4755 WA,425-558-4755  WA,-102
9/29/2025,ECITIZEN NAIROBI,,-34.05
9/29/2025,AIRBNB * HMKA5DQB4S AIRBNB.COM CA,AIRBNB.COM    CA,-476.07
9/29/2025,TST* VIVIENNES BISTRO MERCER ISLANDWA,MERCER ISLAND WA,-132.12
9/29/2025,Garmin 800-5112459 ME,800-5112459   ME,-13.17
9/30/2025,UBER *TRIP HELP.UBER.COM,,-37.99
9/30/2025,UBER *TRIP HELP.UBER.COM,,-43.55
9/30/2025,UBER *TRIP HELP.UBER.COM,,-5.85
9/30/2025,UBER *TRIP HELP.UBER.COM,,-5.85
9/30/2025,UBER *TRIP HELP.UBER.COM,,-5.85
10/1/2025,UBER *TRIP HELP.UBER.COM,,-46.21
10/1/2025,UBER *TRIP HELP.UBER.COM,,-5.88
10/1/2025,UBER *TRIP HELP.UBER.COM,,-11.76
10/1/2025,UBER *TRIP HELP.UBER.COM,,-48.68
10/1/2025,TAPA E-TICKET ATHINA,,-28.1
10/2/2025,ELGER BAY FOOD MART CAMANO ISLANDWA,CAMANO ISLAND WA,-5.89
10/2/2025,CAMANO ISLAND COFFEE CAMANO ISLANDWA,CAMANO ISLAND WA,-7.26
10/2/2025,trainline +443332022222,,-245.25
10/2/2025,DIGITALOCEAN.COM DIGITALOCEAN.NY,DIGITALOCEAN. NY,-13.22
10/3/2025,LIMNH VOULIAGMENIS BOYLIAGMEN,,-40
10/3/2025,NEA ODOS AE MARTINO,,-5.12
10/3/2025,NEA ODOS AE THIVA,,-5.18
10/3/2025,NEA ODOS AE KAPANDRITI,,-4.42
10/3/2025,UBER *TRIP HELP.UBER.COM,,-54.54
10/3/2025,ATTIKI ODOS KOROPI,,-2.95
10/4/2025,Online payment from CHK 9942,,7504.5
10/4/2025,NEA ODOS AE KAPANDRITI,,-4.41
10/4/2025,NEA ODOS AE THIVA,,-5.17
10/4/2025,T-MOBILE HOTSPOT GMBH BONBONN,,-9.41
10/4/2025,ATTIKI ODOS METAMORFOSI,,-2.94
10/6/2025,OLYMPOUS PLAZA 76 ATALANTI,,-6.83
10/6/2025,SHELL LANSERIA Krugersdorp,,-4.77
10/6/2025,EXPEDIA 73264028341883 EXPEDIA.COM WA,EXPEDIA.COM   WA,-65.34
10/6/2025,Scribd *589159419 415-2336230 CA,415-2336230   CA,-13.23
10/6/2025,CAMANO ISLAND COFFEE CAMANO ISLANDWA,CAMANO ISLAND WA,-7.26
10/6/2025,AVIS RENT-A-CAR E387977656,,-265.15
10/6/2025,O.D.A.P. ROMAIKI AGORA DELFI,,-47.04
10/6/2025,AMALIA HOTEL DELFI,,-140.9
10/6/2025,PnP Fam Springs Gate SPRINGS,,-157.81
10/7/2025,MASTORIS ILIAS THIVA,,-10.94
10/7/2025,GATEWAY AIRPORT AUTHORI POLOKWANE,,-24.14
10/7/2025,ZUVA J Nkomo A/P Bulawayo,,-563.94
10/8/2025,DPO*Airlink IBE ZW Harare,,-408
10/9/2025,FSP*EASTSIDE LIMOUSINE 425-558-4755 WA,425-558-4755  WA,-102
10/9/2025,ZUVA R.G Mugabe A/P Harare,,-522.11
10/9/2025,CIVIL AVIATION (01) ZIMBABWE,,-40.76
10/10/2025,UTENGULE COFFEE LODGE MBEYA,,-1.65
10/10/2025,UTENGULE COFFEE LODGE MBEYA,,-30.45
10/13/2025,THE AERO OF EAST AFRICA NAIROBI,,-37.22
10/13/2025,THE AERO EAST AFRICA USD NAIROBI,,-30
10/13/2025,THE AERO EAST AFRICA USD NAIROBI,,-10
10/13/2025,THE AERO OF EAST AFRICA NAIROBI,,-151.69
10/13/2025,BITUMAN AVIATION SERVICESNairobi,,-378
10/13/2025,ETHIOPIAN AI7173799791384800-4452733 VA,800-4452733   VA,-949
10/13/2025,ETHIOPIAN AI0714402844034NAIROBI,,-20.22
10/13/2025,AF/GIRLSCOUTPRODUCT 800-274-3666 WI,800-274-3666  WI,-60
10/13/2025,Garmin 800-5112459 ME,800-5112459   ME,-26.11
10/14/2025,FSP*EASTSIDE LIMOUSINE 425-558-4755 WA,425-558-4755  WA,-102
10/14/2025,Netflix.com 408-5403700 CA,408-5403700   CA,-19.82
10/16/2025,DEUX ARGYLE REALTORS LIMIMLOLONGO,,-27.13
10/16/2025,DEUX ARGYLE REALTORS LIMIMLOLONGO,,-15.5
10/16/2025,DEUX ARGYLE REALTORS LIMIMLOLONGO,,-77.13
10/16/2025,SLING.COM 888-363-1777 CO,888-363-1777  CO,-12.99
10/16/2025,ZOLEO USA Inc. SEATTLE WA,SEATTLE       WA,-28.65
10/20/2025,Online payment from CHK 9942,,4379.71
10/20/2025,BITUMAN AVIATION SERVICESNairobi,,-630
10/21/2025,THE AERO OF EAST AFRICA NAIROBI,,-264.83
10/21/2025,TALISMAN RESTAURANT NAIROBI,,-207.62
10/21/2025,SOAMES HOTEL&JACKS BAR NANYUKI,,-711.52
10/21/2025,AIRBNB * HMKA5DQB4S AIRBNB.COM CA,AIRBNB.COM    CA,-476.08
10/24/2025,Collina Cafe and RestauraDodoma,,-4.04
10/24/2025,MWIBA HOLDINGS S3057031ARUSHA,,-840
10/25/2025,GRAMMARLY CO*VOLZ7RU GRAMMARLY.COMCA,GRAMMARLY.COM CA,-139.95
10/25/2025,Garmin 800-5112459 ME,800-5112459   ME,-25.32
10/27/2025,UTENGULE COFFEE LODGE MBEYA,,-61.3
10/27/2025,OPENAI *CHATGPT SUBSCR OPENAI.COM CA,OPENAI.COM    CA,-22.04
10/28/2025,PUMA ENERGY ZAMBIA PLC LUSAKA,,-693.43
10/28/2025,T. Jensen Coffee1001312Lusaka,,-9.52
10/28/2025,National Airport0016626LUSAKA,,-48.98
10/28/2025,National Airport0016626LUSAKA,,-137.14
10/28/2025,Garmin 800-5112459 ME,800-5112459   ME,-13.17
10/31/2025,EXPEDIA 72067777964197 EXPEDIA.COM WA,EXPEDIA.COM   WA,-568.23
10/31/2025,EXPEDIA 72067776170749 EXPEDIA.COM WA,EXPEDIA.COM   WA,-298.87
10/31/2025,MHAISS HOSEA KUTAKO WINDHOEK,,-187.46
11/1/2025,DPO*Airlink IBE NA Windhoek,,-725.23
11/1/2025,DPO*Airlink IBE NA Windhoek,,-725.23
11/1/2025,DIGITALOCEAN.COM DIGITALOCEAN.NY,DIGITALOCEAN. NY,-13.22
11/1/2025,PUMA ENERGY ZAMBIA PLC LIVINGSTONE,,-665.25
11/1/2025,HANDSOME LION ENTERPRIS LIVINGSTONE,,-1.82
11/1/2025,NATIONAL AIRPORTS LSTON Livingstone,,-74.35
11/3/2025,DELTA HOTELS BY MARRIOTT SWANSEA,,-285.64
11/3/2025,TRAINLINE WWW.THETRAINL,,-27.62
11/3/2025,TRAINLINE WWW.THETRAINL,,-54.66
11/3/2025,MUGG AND BEAN DOMESTI KEMPTON PARK,,-17.58
11/3/2025,THE INFORMATION THEINFORMATIOCA,THEINFORMATIO CA,-439.7
11/3/2025,Online payment from CHK 9942,,5339.5
11/3/2025,FSP*EASTSIDE LIMOUSINE 425-558-4755 WA,425-558-4755  WA,-102
11/3/2025,HOTEL SAFARI WINDHOEK,,-63.56
11/3/2025,WOOLWORTHS SANDTON,,-57.02
11/4/2025,trainline +443332022222,,-22.77
11/4/2025,IC OR TAMBO KEMPTON PARK,,-63.21
11/4/2025,GAUTRAIN ORTIA TVM GAUTENG,,-27.67
11/5/2025,TRAINLINE WWW.THETRAINL,,-13.77
11/5/2025,WH Smith Swansea Swansea,,-39.79
11/5/2025,SumUp *Mohamed harrak Swansea,,-19.75
11/5/2025,DELTA HOTELS BY MARRIOTT SWANSEA,,-316.03
11/6/2025,Yalla Yalla London,,-226.67
11/6/2025,PERFORMANCE HOME MEDICAL 253-852-5612 WA,253-852-5612  WA,-63.52
11/6/2025,Scribd *589159419 415-2336230 CA,415-2336230   CA,-13.23
11/8/2025,DELTA AIR 0062378738559LONGFORD,,-7080.07
11/8/2025,ALASKA AIR 0272122595527SEATTLE WA,SEATTLE       WA,-877.56
11/8/2025,ALASKA AIR 0272122595524SEATTLE WA,SEATTLE       WA,-877.56
11/10/2025,Online payment from CHK 9942,,12894.48
11/10/2025,THOMPSON SEATTLE F&B SEATTLE WA,SEATTLE       WA,-30
11/10/2025,"ParkWhiz, Inc. Chicago IL",Chicago       IL,-25.32
11/11/2025,KING COUNTY PROP TAX PMNT888-8916064 WA,888-8916064   WA,-14.63
11/11/2025,KING COUNTY PROP TAX PMNT888-8916064 WA,888-8916064   WA,-622.35
11/11/2025,THE MUSEUM OF FLIGHT ONLI206-768-7111 WA,206-768-7111  WA,-200
11/12/2025,DIAMOND PARKING parkmobilecomWA,parkmobilecom WA,-26.52
11/12/2025,DIAMOND PARKING parkmobilecomWA,parkmobilecom WA,-26.52
11/12/2025,TARGET 00027862 SEATTLE WA,SEATTLE       WA,-45.23
11/12/2025,VIRGINIA MASON MEDICAL CE206-2236601 WA,206-2236601   WA,-40
11/12/2025,Garmin 800-5112459 ME,800-5112459   ME,-40.98
11/13/2025,DIAMOND PARKING parkmobilecomWA,parkmobilecom WA,-7.79
11/13/2025,DIAMOND PARKING parkmobilecomWA,parkmobilecom WA,-14.03
11/14/2025,WSDOT-GOODTOGO ONLINE RENTON WA,RENTON        WA,-100
11/14/2025,DPO*Airlink IBE NA Windhoek,,723.02
11/14/2025,US CUSTOMS DTOPS 317-298-1245 IN,317-298-1245  IN,-36.94
11/14/2025,DIAMOND PARKING SERVICES 509-295-6490 WA,509-295-6490  WA,-86.5
11/14/2025,Netflix.com 408-5403700 CA,408-5403700   CA,-19.82
11/15/2025,BARONS SINO KITCHEN & 425-5008888 WA,425-5008888   WA,-147.57
11/15/2025,CVS/PHARMACY #11651 MERCER ISLANDWA,MERCER ISLAND WA,-46.26
11/15/2025,THE UPS STORE 1081 510-5176645 WA,510-5176645   WA,-71
11/15/2025,THE UPS STORE 1081 510-5176645 WA,510-5176645   WA,-30
11/15/2025,CINEMARK 1118 BOXCON Bellevue WA,Bellevue      WA,-22.66
11/15/2025,405 WSDOT AVIATION 866-936-8246 WA,866-936-8246  WA,-145
11/17/2025,SLING.COM 888-363-1777 CO,888-363-1777  CO,-12.99
11/17/2025,ZOLEO USA Inc. SEATTLE WA,SEATTLE       WA,-28.65
11/17/2025,CBI*Acronis 151-2289241 IL,151-2289241   IL,-137.74
11/18/2025,AEROMEXICO C1392160816357CUAUHT MOC,,-802.95
11/18/2025,AEROMEXICO C1392160816356CUAUHT MOC,,-802.95
11/18/2025,AEROMEXICO C1392160816128CUAUHT MOC,,-285.36
11/18/2025,AEROMEXICO C1392160816127CUAUHT MOC,,-285.36
11/18/2025,AEROMEXICO C1392160815696CUAUHT MOC,,-326.34
11/18/2025,ALASKA AIR 0272123564697SEATTLE WA,SEATTLE       WA,-798.3
11/18/2025,ALASKA AIR 0272123564696SEATTLE WA,SEATTLE       WA,-798.3
11/18/2025,ALASKA AIR 0272123561906SEATTLE WA,SEATTLE       WA,-660.39
11/18/2025,ALASKA AIR 0272123560557SEATTLE WA,SEATTLE       WA,-926.89
11/22/2025,DIAMOND PARKING parkmobilecomWA,parkmobilecom WA,-14.03
11/22/2025,VIRGINIA MASON FRONT DESKSEATTLE WA,SEATTLE       WA,-95
11/22/2025,FSP*EASTSIDE LIMOUSINE 425-558-4755 WA,425-558-4755  WA,-144
11/22/2025,MERCER NAILS & SPA MERCER ISLANDWA,MERCER ISLAND WA,-26
11/22/2025,MERCER NAILS & SPA MERCER ISLANDWA,MERCER ISLAND WA,-37
11/22/2025,CORPORATE AIR CENTER UB CBURLINGTON WA,BURLINGTON    WA,-137.66
12/23/2025,AIRCRAFT & PILOT ASSN WWW.AOPA.ORG MD,WWW.AOPA.ORG  MD,-89
12/23/2025,LIGHTNINGSRC/INGMSPK 800-509-4156 TN,800-509-4156  TN,-47.91
12/24/2025,MERCER ISLAND TRUE VALUE MERCER ISLANDWA,MERCER ISLAND WA,-28.06
12/24/2025,TST*NEB - TOM DOUGLAS Seattle WA,Seattle       WA,-232.02
12/24/2025,Subway Seattle WA,Seattle       WA,-34.13
12/24/2025,PREMIER NAILS & SPA MERCER ISLANDWA,MERCER ISLAND WA,-370
12/26/2025,Online payment from CHK 9942,,5821.92
12/26/2025,OPENAI *CHATGPT SUBSCR OPENAI.COM CA,OPENAI.COM    CA,-22.04
12/26/2025,Garmin 800-5112459 ME,800-5112459   ME,-25.32
12/29/2025,CAMANO PLAZA MA CAMANO ISLANDWA,CAMANO ISLAND WA,-174.23
12/29/2025,SQ *KRISTOFERSON FARM Camano IslandWA,Camano Island WA,-309.76
12/29/2025,ALASKA AIR 0272127317574SEATTLE WA,SEATTLE       WA,-796.6
12/29/2025,Garmin 800-5112459 ME,800-5112459   ME,-13.17
