Date:TEXT,Payee:TEXT,Address:TEXT,Amount:TEXT
2025-01-02,MCDONALD'S F7026 EVERETT WA,EVERETT       WA,-8
2025-01-02,UNITED 0162447198764UNITED.COM TX,UNITED.COM    TX,-834.95
2025-01-02,MOD PIZZA SEATTLE CNTR SEATTLE WA,SEATTLE       WA,-10.56
2025-01-02,TST*MAMNOON Seattle WA,Seattle       WA,-140.32
2025-01-02,METROPOLITAN MARKET MERCER ISLANDWA,MERCER ISLAND WA,-9.38
2025-01-02,METROPOLITAN MARKET MERCER ISLANDWA,MERCER ISLAND WA,-3.31
2025-01-02,METROPOLITAN MARKET MERCER ISLANDWA,MERCER ISLAND WA,-8
2025-01-02,METROPOLITAN MARKET MERCER ISLANDWA,MERCER ISLAND WA,-3.31
2025-01-02,DIGITALOCEAN.COM DIGITALOCEAN.NY,DIGITALOCEAN. NY,-13.22
2025-01-02,SQ *SEATTLE : FACEPAINT Seattle WA,Seattle       WA,-26
2025-01-03,BARBICAN CENTRE LONDON,,-195.62
2025-01-03,DELIVEROO LONDON,,-31.03
2025-01-03,TTG* TimeOut London,,-138.38
2025-01-03,CREPERIE DE PARIS REDMOND WA,REDMOND       WA,-9.46
2025-01-03,CREPERIE DE PARIS REDMOND WA,REDMOND       WA,-34.22
2025-01-03,METROPOLITAN MARKET MERCER ISLANDWA,MERCER ISLAND WA,-3.31
2025-01-03,REGISTERED AGENT - WA SINGLEFILE.IOWA,SINGLEFILE.IO WA,-100
2025-01-03,SHAKE SHACK - 1230 KIRKLAND WA,KIRKLAND      WA,-26.11
2025-01-04,FAA MEDICAL EXAMS INC SEATTLE WA,SEATTLE       WA,-190
2025-01-04,QFC #5806 MERCER ISLANDWA,MERCER ISLAND WA,-133.49
2025-01-04,SQ *SUGAR BAKERY & CAFE Seattle WA,Seattle       WA,-10.69
2025-01-04,VM PARKING LINDEMAN SEATTLE WA,SEATTLE       WA,-7
2025-01-06,DELIVEROO LONDON,,-27.02
2025-01-06,DELIVEROO LONDON,,-57.64
2025-01-06,STANWOOD CINEMAS B&M STANWOOD WA,STANWOOD      WA,-59
2025-01-06,SQ *THAI THAI KITCHEN STAStanwood WA,Stanwood      WA,-157.03
2025-01-06,Scribd *589159419 415-2336230 CA,415-2336230   CA,-13.23
2025-01-06,DELIVEROO LONDON,,-25.98
2025-01-07,DELIVEROO LONDON,,-17.9
2025-01-07,UBER *TRIP HELP.UBER.COMCA,HELP.UBER.COM CA,-136.69
2025-01-07,SQ *TAXI 306 Seattle WA,Seattle       WA,-38.4
2025-01-07,LOCALS ESPRESSO 3 STANWOOD WA,STANWOOD      WA,-3.47
2025-01-07,VIRGINIA MASON FRONT DESKSEATTLE WA,SEATTLE       WA,-95
2025-01-07,AMAZING CARPET AND TIL amazingcarpetCA,amazingcarpet CA,-880
2025-01-07,TST*CAMANO COMMONS Camano IslandWA,Camano Island WA,-23.52
2025-01-08,TPD FIRST HILL 117 SEATTLE WA,SEATTLE       WA,-13.22
2025-01-08,AMATO DENTAL GROUP SEATTLE WA,SEATTLE       WA,-69.63
2025-01-08,METROPOLIS PARKING METROPOLIS.IOTN,METROPOLIS.IO TN,-9.99
2025-01-08,GEG RIVERSIDE CAFE 1118 SPOKANE WA,SPOKANE       WA,-36.37
2025-01-09,DELIVEROO LONDON,,-43.57
2025-01-09,METROPOLITAN MARKET MERCER ISLANDWA,MERCER ISLAND WA,-3.31
2025-01-09,Online payment from CHK 9942,,6962.51
2025-01-10,DELIVEROO LONDON,,-27.03
2025-01-10,FSP*EASTSIDE LIMOUSINE 425-558-4755 WA,425-558-4755  WA,-96
2025-01-10,TST*TUTTA BELLA NEAPOLIT Seattle WA,Seattle       WA,-134.91
2025-01-11,DELIVEROO LONDON,,-31.22
2025-01-13,Netflix 1 8445052993 CA,1 8445052993  CA,-17.07
2025-01-13,TFL TRAVEL CH TFL.GOV.UK/CP,,-9.99
2025-01-13,DELIVEROO LONDON,,-23.42
2025-01-13,N.O.T. UK LIMITED LONDON,,-5.43
2025-01-13,TXW*LONDON TAXI 75240 GLASGOW,,-34.78
2025-01-13,MY CHOICE SOFTWARE LLC 800-3181439 CA,800-3181439   CA,-229.99
2025-01-13,TFL TRAVEL CH TFL.GOV.UK/CP,,-6.66
2025-01-13,WAITROSE 641 KNIGHTSBRIDGE,,-22.48
2025-01-13,TFL TRAVEL CH TFL.GOV.UK/CP,,-3.45
2025-01-14,WAITROSE 641 KNIGHTSBRIDGE,,-25.7
2025-01-14,DELIVEROO LONDON,,-23.48
2025-01-14,Garmin 800-5112459 ME,800-5112459   ME,-16.47
2025-01-14,ZETTLE_*SCOTT WOLSEY BARNET,,-35.76
2025-01-15,VICTORIA&ALBERT MUSEUM LONDON,,-21.76
2025-01-15,PAUL ST PAULS LONDON,,-11.98
2025-01-15,LONDON THEATRE DIRECT LONDON,,-178.46
2025-01-15,TFL TRAVEL CH TFL.GOV.UK/CP,,-3.3
2025-01-15,DELIVEROO LONDON,,-23.17
2025-01-15,APPLE UK R329 LONDON,,-615.37
2025-01-16,PAYMENT - THANK YOU,,6962.51
2025-01-16,THE KENSINGTON CREPERI LONDON,,-10.35
2025-01-16,DELIVEROO LONDON,,-41.28
2025-01-16,DELIVEROO LONDON,,-14.7
2025-01-16,DELIVEROO LONDON,,-23.65
2025-01-16,TFL TRAVEL CH TFL.GOV.UK/CP,,-10.42
2025-01-16,SLING.COM 888-363-1777 CO,888-363-1777  CO,-10
2025-01-18,FRAUD DISPUTE,,14.7
2025-01-20,FRAUD DISPUTE,,23.17
2025-01-20,FRAUD DISPUTE,,23.65
2025-01-24,METROPOLITAN MARKET MERCER ISLANDWA,MERCER ISLAND WA,-41.03
2025-01-24,METROPOLITAN MARKET MERCER ISLANDWA,MERCER ISLAND WA,-3.31
2025-01-24,SQ *LA FETE PATISSERIE Mercer IslandWA,Mercer Island WA,-18.69
2025-01-25,METROPOLITAN MARKET MERCER ISLANDWA,MERCER ISLAND WA,-238.41
2025-01-25,KOZA TURKISH GROCERY KIRKLAND WA,KIRKLAND      WA,-69.92
2025-01-25,SQ *SHAWN'S CAFE & BAKERYMercer IslandWA,Mercer Island WA,-19.84
2025-01-25,SQ *LA FETE PATISSERIE Mercer IslandWA,Mercer Island WA,-8
2025-01-27,Garmin 800-5112459 ME,800-5112459   ME,-13.17
2025-01-27,Garmin 800-5112459 ME,800-5112459   ME,-13.17
2025-01-27,OPENAI *CHATGPT SUBSCR OPENAI.COM CA,OPENAI.COM    CA,-22.04
2025-01-28,SQ *THAI THAI KITCHEN STAStanwood WA,Stanwood      WA,-198.51
2025-01-28,HERZL NERTAMID H-NT.SHULCLOUWA,H-NT.SHULCLOU WA,-45
2025-01-30,RITE AID 05197 MERCER ISLANDWA,MERCER ISLAND WA,-53.7
2025-01-31,SEATTLE CENTER MERCER SEATTLE WA,SEATTLE       WA,-45
2025-01-31,STARBUCKS STORE 03278 BELLEVUE WA,BELLEVUE      WA,-4.85
2025-01-31,TST*TUTTA BELLA NEAPOLIT Seattle WA,Seattle       WA,-123.86
2025-01-31,TST*CAMANO COMMONS Camano IslandWA,Camano Island WA,-11.36
2025-01-31,TST*CAMANO COMMONS Camano IslandWA,Camano Island WA,-16.81
2025-02-01,METROPOLITAN MARKET MERCER ISLANDWA,MERCER ISLAND WA,-4.42
2025-02-01,DIGITALOCEAN.COM DIGITALOCEAN.NY,DIGITALOCEAN. NY,-13.22
2025-02-01,TST* BEECHER'S HANDMADE CBELLEVUE WA,BELLEVUE      WA,-16.26
2025-02-01,TST* BEECHER'S HANDMADE CBELLEVUE WA,BELLEVUE      WA,-45.15
2025-02-01,AT *KIDSQUEST CHILD'S MUSBELLEVUE WA,BELLEVUE      WA,-225
2025-02-03,MPS*THE ISRAELI CENT RAMAT HA'SHAR,,-50.39
2025-02-03,SQ *SIDAMO COFFEE AND TEAWashington DC,Washington    DC,-8.54
2025-02-03,UBER *TRIP HELP.UBER.COMCA,HELP.UBER.COM CA,-60.39
2025-02-03,SQ *SIDAMO COFFEE AND TEAWashington DC,Washington    DC,-5.28
2025-02-03,SQ *SIDAMO COFFEE AND TEAWashington DC,Washington    DC,-3.85
2025-02-03,UBER *TRIP HELP.UBER.COMCA,HELP.UBER.COM CA,-13
2025-02-03,UBER *TRIP HELP.UBER.COMCA,HELP.UBER.COM CA,-65
2025-02-03,Mount Vernon Mount Vernon VA,Mount Vernon  VA,-71
2025-02-03,FSP*EASTSIDE LIMOUSINE 425-558-4755 WA,425-558-4755  WA,-102
2025-02-04,AMAZON RETA* JQ1G71GN3 WWW.AMAZON.COWA,WWW.AMAZON.CO WA,-13.38
2025-02-04,AVIS.COM PREPAY 8003527900 VA,8003527900    VA,-122.54
2025-02-04,FSP*EASTSIDE LIMOUSINE 425-558-4755 WA,425-558-4755  WA,-102
2025-02-04,SQ *SWING'S COFFEE ROASTEAlexandria VA,Alexandria    VA,-9.71
2025-02-05,LYFT *CAPITALBIKE RI LYFT.COM CA,LYFT.COM      CA,-4.9
2025-02-05,AMZN Mktp US*Z771R4XP0 Amzn.com/billWA,Amzn.com/bill WA,-601.66
2025-02-06,SQ *SIDAMO COFFEE AND TEAWashington DC,Washington    DC,-9.49
2025-02-06,Scribd *589159419 415-2336230 CA,415-2336230   CA,-13.23
2025-02-06,TST* TATTE BAKERY CITY CEWASHINGTON DC,WASHINGTON    DC,-40.85
2025-02-07,TST*YELLOW - UNION MARKE Washington DC,Washington    DC,-21.39
2025-02-07,TST*YELLOW - UNION MARKE Washington DC,Washington    DC,-102.41
2025-02-07,WHOLEFDS HST#10565 WASHINGTON DC,WASHINGTON    DC,-68.6
2025-02-07,AVIS.COM PREPAY 800-352-7900 VA,800-352-7900  VA,72.54
2025-02-07,SQ *SIDAMO COFFEE AND TEAWashington DC,Washington    DC,-10.12
2025-02-07,TST* STARR - PASTIS DC WASHINGTON DC,WASHINGTON    DC,-480.4
2025-02-08,GIANT 2381 WASHINGTON DC,WASHINGTON    DC,-55.44
2025-02-08,SQ *SIDAMO COFFEE AND TEAWashington DC,Washington    DC,-9.11
2025-02-08,BARNES & NOBLE #2867 ALEXANDRIA VA,ALEXANDRIA    VA,-5.49
2025-02-08,BARNES & NOBLE #2867 ALEXANDRIA VA,ALEXANDRIA    VA,-17.42
2025-02-08,BARNES & NOBLE #2867 ALEXANDRIA VA,ALEXANDRIA    VA,-7.19
2025-02-08,BARNES & NOBLE #2867 ALEXANDRIA VA,ALEXANDRIA    VA,-74.17
2025-02-08,BARNES & NOBLE #2867 ALEXANDRIA VA,ALEXANDRIA    VA,-44.51
2025-02-10,UBER *TRIP HELP.UBER.COMCA,HELP.UBER.COM CA,-33.74
2025-02-10,441 INSIDE THE BELTWAY LAS VEGAS DC,LAS VEGAS     DC,-3.32
2025-02-10,441 INSIDE THE BELTWAY LAS VEGAS DC,LAS VEGAS     DC,-15.14
2025-02-10,SQ *SIDAMO COFFEE AND TEAWashington DC,Washington    DC,-14.67
2025-02-10,NANDO'S PERI PERI #028 WASHINGTON DC,WASHINGTON    DC,-20.1
2025-02-10,UBER *TRIP HELP.UBER.COMCA,HELP.UBER.COM CA,-13.47
2025-02-11,HUDSONNEWS ST1185 DES PLAINES IL,DES PLAINES   IL,-39.71
2025-02-11,MANCHU WOK T1C ORD CHICAGO IL,CHICAGO       IL,-15.63
2025-02-12,TST* LOS CHILANGOS KIRKLAKIRKLAND WA,KIRKLAND      WA,-63.78
2025-02-12,ARUGULA AND RYE DES MOINES IA,DES MOINES    IA,-10.68
2025-02-12,FAIRFIELD INN & SUITES DES MOINES IA,DES MOINES    IA,-152.32
2025-02-12,WICKER PARK SUSHI ORD CHICAGO IL,CHICAGO       IL,-35.06
2025-02-12,SQ *GREEN CAB AIRPORT TAXMercer IslandWA,Mercer Island WA,-77.04
2025-02-13,TST*TUTTA BELLA NEAPOLIT Seattle WA,Seattle       WA,-65.83
2025-02-13,METROPOLITAN MARKET MERCER ISLANDWA,MERCER ISLAND WA,-4.99
2025-02-13,METROPOLITAN MARKET MERCER ISLANDWA,MERCER ISLAND WA,-8.73
2025-02-13,METROPOLITAN MARKET MERCER ISLANDWA,MERCER ISLAND WA,-3.31
2025-02-13,VM PARKING BUCK VALET SEATTLE WA,SEATTLE       WA,-5
2025-02-13,SQ *TRUE NORTH BAKERY Burlington WA,Burlington    WA,-18.88
2025-02-13,VIRGINIA MASON MEDICAL CE206-2236601 WA,206-2236601   WA,-196.6
2025-02-14,Garmin 800-5112459 ME,800-5112459   ME,-16.47
2025-02-14,CORPORATE AIR CENTER BURLINGTON WA,BURLINGTON    WA,-186.2
2025-02-14,SQ *ALL CITY COFFEE Seattle WA,Seattle       WA,-9.86
2025-02-14,Netflix.com netflix.com CA,netflix.com   CA,-17.07
2025-02-15,ISLAND COUNTY CAMANO OUTBCAMANO ISLANDWA,CAMANO ISLAND WA,-14.75
2025-02-15,SDOT PAYBYPHONE PARKING 206-684-5260 WA,206-684-5260  WA,-0.5
2025-02-15,TST*FONDA LA CATRINA Seattle WA,Seattle       WA,-160.33
2025-02-17,SLING.COM 888-363-1777 CO,888-363-1777  CO,-12.99
2025-02-17,ZOOM.COM 888-799-9666 ZOOM.US CA,ZOOM.US       CA,-165.19
2025-02-17,TST*CAMANO COMMONS Camano IslandWA,Camano Island WA,-16.49
2025-02-18,BOOK SHOP JERUSALEM,,-56.5
2025-02-18,UBER *TRIP HELP.UBER.COMCA,HELP.UBER.COM CA,-67.88
2025-02-18,UBER *TRIP HELP.UBER.COMCA,HELP.UBER.COM CA,-7
2025-02-18,WSFERRIES-COLMAN DOCK SEATTLE WA,SEATTLE       WA,-10.25
2025-02-18,TST*CAMANO COMMONS Camano IslandWA,Camano Island WA,-20.98
2025-02-19,METROPOLITAN MARKET MERCER ISLANDWA,MERCER ISLAND WA,-6.9
2025-02-19,TST* EGG & US - ISSAQUAH ISSAQUAH WA,ISSAQUAH      WA,-32.9
2025-02-20,QFC #5806 MERCER ISLANDWA,MERCER ISLAND WA,-40.31
2025-02-20,EASTSIDE MOBILE AUTO GLAS206-255-7827 WA,206-255-7827  WA,-1024.78
2025-02-21,TPD JUANITA 119 KIRKLAND WA,KIRKLAND      WA,-14.64
2025-02-21,SEATTLE MUNI INT #950003 800-950-1292 WA,800-950-1292  WA,-246.6
2025-02-21,VMO*VIMEO.COM 848-359-5618 NY,848-359-5618  NY,-119.02
2025-02-21,METROPOLIS PARKING METROPOLIS.IOTN,METROPOLIS.IO TN,-9.99
2025-02-24,THE MUSEUM OF FLIGHT MAINTUKWILA WA,TUKWILA       WA,-42.87
2025-02-24,SQ *MUSTARD SEED BAKING CStanwood WA,Stanwood      WA,-8.33
2025-02-24,SQ *THAI THAI KITCHEN STAStanwood WA,Stanwood      WA,-136.41
2025-02-24,CAMANO ISLAND COFFEE R CAMANO ISLANDWA,CAMANO ISLAND WA,-12.5
2025-02-25,LUFTHANSA 2202221413860KOLN,,-794.4
2025-02-25,LUFTHANSA 2202221414324KOLN,,-6629.52
2025-02-25,GIRLSCOUTSN 202-274-337 DC,202-274-337   DC,-36.99
2025-02-25,REGISTERED AGENT - WA SINGLEFILE.IOWA,SINGLEFILE.IO WA,-100
2025-02-25,M&S CATERING SEATTLE SEATTLE WA,SEATTLE       WA,-40.22
2025-02-25,TST*MERCURYS COFFEE - T Kirkland WA,Kirkland      WA,-5.68
2025-02-25,TRADER JOE S #132 KIRKLAND WA,KIRKLAND      WA,-49.48
2025-02-26,Garmin 800-5112459 ME,800-5112459   ME,-13.17
2025-02-26,SQ *MUSTARD SEED BAKING CStanwood WA,Stanwood      WA,-18.96
2025-02-26,OPENAI *CHATGPT SUBSCR OPENAI.COM CA,OPENAI.COM    CA,-22.04
2025-02-27,AMRIKAN TOIL TEL AVIV,,-52.79
2025-02-27,trainline +443332022222,,-41.16
2025-02-27,trainline +443332022222,,-371.15
2025-02-27,trainline +443332022222,,-328.36
2025-02-27,trainline +443332022222,,-35.27
2025-02-27,trainline +443332022222,,33.57
2025-02-27,TST*TUTTA BELLA NEAPOLIT Seattle WA,Seattle       WA,-65.83
2025-02-27,METROPOLITAN MARKET MERCER ISLANDWA,MERCER ISLAND WA,-3.31
2025-02-27,Garmin 800-5112459 ME,800-5112459   ME,-13.17
2025-02-27,AIRBNB * HMSNQAB3MZ AIRBNB.COM CA,AIRBNB.COM    CA,-414.29
2025-02-28,TPD FIRST HILL 117 SEATTLE WA,SEATTLE       WA,-13.05
2025-02-28,HOMOS FOL ABU ALI FORADES,,-43.49
2025-02-28,VIRGINIA MASON FRONT DESKSEATTLE WA,SEATTLE       WA,-95
2025-02-28,QFC #5859 BELLEVUE WA,BELLEVUE      WA,-8.56
2025-02-28,SQ *TRUE NORTH BAKERY Burlington WA,Burlington    WA,-17.9
2025-02-28,8991 GREAT CLIPS AT ISLANMERCER ISLANDWA,MERCER ISLAND WA,-33
2025-03-01,STARBUCKS 03702 SEATTLE WA,SEATTLE       WA,-4.36
2025-03-01,DIGITALOCEAN.COM DIGITALOCEAN.NY,DIGITALOCEAN. NY,-13.22
2025-03-01,SQ *MACRINA BAKERY - SODOSeattle WA,Seattle       WA,-18.67
2025-03-01,CORPORATE AIR CENTER BURLINGTON WA,BURLINGTON    WA,-111.84
2025-03-01,TST* BURGERMASTER - BELLEBELLEVUE WA,BELLEVUE      WA,-46.25
2025-03-03,ARKIA BNEY BRAK,,-30
2025-03-03,TPD JUANITA 119 KIRKLAND WA,KIRKLAND      WA,-34.66
2025-03-03,WSDOT-GOODTOGO ONLINE RENTON WA,RENTON        WA,-100
2025-03-03,SEA AIRPORT PARKING 2067874069 WA,2067874069    WA,-74
2025-03-04,SQ *LA FETE PATISSERIE MERCER ISLANDWA,MERCER ISLAND WA,-13.12
2025-03-04,LS SNAPDOODLE TOYS & G 425-4080021 WA,425-4080021   WA,-46.62
2025-03-04,Online payment from CHK 9942,,8959.14
2025-03-05,DIAMOND PARKING parkmobilecomWA,parkmobilecom WA,-32.21
2025-03-05,TST*SANO CAFE Mercer IslandWA,Mercer Island WA,-22.5
2025-03-05,TRADER JOE S #132 KIRKLAND WA,KIRKLAND      WA,-25.75
2025-03-06,TST*TUTTA BELLA NEAPOLIT Seattle WA,Seattle       WA,-84.08
2025-03-06,THE UPS STORE 1081 510-5176645 WA,510-5176645   WA,-15
2025-03-06,MEDIUM ANNUAL MEDIUM.COM CA,MEDIUM.COM    CA,-50
2025-03-06,Scribd *589159419 415-2336230 CA,415-2336230   CA,-13.23
2025-03-07,UBER *TRIP HELP.UBER.COMCA,HELP.UBER.COM CA,-72.72
2025-03-07,HUDSON ST 1504 SEATTLE WA,SEATTLE       WA,-4.18
2025-03-07,FSP*EASTSIDE LIMOUSINE 425-558-4755 WA,425-558-4755  WA,-102
2025-03-07,THE UPS STORE 1081 510-5176645 WA,510-5176645   WA,-15
2025-03-07,UBER *TRIP HELP.UBER.COMCA,HELP.UBER.COM CA,-133.49
2025-03-08,HERTZ IXTAPA MXN ZIHUATANEJO D,,-2160.64
2025-03-08,FSP*EASTSIDE LIMOUSINE 425-558-4755 WA,425-558-4755  WA,-102
2025-03-08,RESTAURANT INDIGO ZIHUATANEJO D,,-104.58
2025-03-08,GEG PEETES COFFEE C 2310 SPOKANE WA,SPOKANE       WA,-10.02
2025-03-10,HOT PRESENT MOMENT I LA UNION DE I,,-158.23
2025-03-10,HOT PRESENT MOMENT I LA UNION DE I,,-78.82
2025-03-10,SORIANA939 ZIHUATANEJO ZIHUATANEJO D,,-7.59
2025-03-10,MERPAGO*JEAN CIUDAD DE MEX,,-260.58
2025-03-10,RESTAURANT INDIGO ZIHUATANEJO D,,-16.81
2025-03-10,SHERATON LOS ANGELES CA,LOS ANGELES   CA,-166.91
2025-03-10,SORIANA939 ZIHUATANEJO ZIHUATANEJO D,,-0.89
2025-03-10,SORIANA939 ZIHUATANEJO ZIHUATANEJO D,,-60.44
2025-03-10,SORIANA939 ZIHUATANEJO ZIHUATANEJO D,,-355.54
2025-03-11,REST MI JARDIN TRONCON LA UNION DE I,,-34.61
2025-03-12,ATM - TRANSACTION FEE,,-13.44
2025-03-12,BANCO SANTANDER JOSE AZUETA,,-268.85
2025-03-12,RESTAURANT INDIGO ZIHUATANEJO D,,-768.33
2025-03-13,ATM - TRANSACTION FEE,,-11.4
2025-03-13,XH165709 MISC LA GUERA IIE ZAPATA,,-228.05
2025-03-13,SORIANA939 ZIHUATANEJO ZIHUATANEJO D,,-202.23
2025-03-14,Garmin 800-5112459 ME,800-5112459   ME,-16.47
2025-03-14,Netflix.com 408-5403700 CA,408-5403700   CA,-19.82
2025-03-15,HOTEL EDEN LA UNION GRO,,-604.78
2025-03-15,TRES MUJERES TRONCONES TRONCONES,,-10363.64
2025-03-17,REST PRESENT MOMENT LA UNION DE I,,-96.51
2025-03-17,KONFIO*SERV TICTOC VALLE DE BRAV,,-307.43
2025-03-17,REST MI JAR LA UNION DE I,,-147.67
2025-03-17,RESTAURANT INDIGO ZIHUATANEJO D,,-42.84
2025-03-17,Online payment from CHK 9942,,16644.57
2025-03-17,RESTAURANT INDIGO ZIHUATANEJO D,,-26.43
2025-03-17,SLING.COM 888-363-1777 CO,888-363-1777  CO,-12.99
2025-03-18,ATM - TRANSACTION FEE,,-11.63
2025-03-18,XH165709 MISC LA GUERA IIE ZAPATA,,-232.61
2025-03-19,HERTZ IXTAPA MXN ZIHUATANEJO D,,-78.89
2025-03-19,POINTMP*DANI CIUDAD DE MEX,,-16.88
2025-03-19,UBER* TRIP CIUDAD DE MEX,,-8.3
2025-03-19,UBER* TRIP UBER.COM/MX/E,,-1.01
2025-03-19,RESTAURANT INDIGO ZIHUATANEJO D,,-30.24
2025-03-19,RESTAURANT INDIGO ZIHUATANEJO D,,-299.79
2025-03-20,REST EL CARDENAL LA AL CIUDAD DE MEX,,-62.99
2025-03-20,UBER* TRIP UBER.COM/MX/E,,-1.01
2025-03-20,BICICLETA PUBL ECOBICI CIUDAD DE MEX,,-12.32
2025-03-20,BICICLETA PUBL ECOBICI CIUDAD DE MEX,,-12.32
2025-03-20,UBER* TRIP CIUDAD DE MEX,,-13.78
2025-03-20,UBER* TRIP UBER.COM/MX/E,,-1.01
2025-03-20,UBER* TRIP CIUDAD DE MEX,,-18.96
2025-03-22,INTEREST CHARGED ON BANK CASH ADVANCES,,-2.48
2025-03-24,Online payment from CHK 9942,,1438.09
2025-03-24,BICICLETA PUBL ECOBICI CIUDAD DE MEX,,-7.75
2025-03-24,BICICLETA PUBL ECOBICI CIUDAD DE MEX,,-7.75
2025-03-24,EXPEDIA 73062267828670 EXPEDIA.COM WA,EXPEDIA.COM   WA,-3724.79
2025-03-24,THE RESTAURANT SN MIGUEL DE,,-172.89
2025-03-24,CLIP MX*TRANSPFRIENDL ALVARO OBREGO,,-275.27
2025-03-25,ALCATRAZ DISENOS SN MIGUEL DE,,-106.15
2025-03-25,REST EL PEGASO SN MIGUEL DE,,-49.71
2025-03-25,CIELO SN MIGUEL DE,,-74.97
2025-03-25,HERRERIA ROSAS SN MIGUEL DE,,-1874.98
2025-03-25,EXPEDIA 73063336852687 EXPEDIA.COM WA,EXPEDIA.COM   WA,-24
2025-03-25,EXPEDIA 73063315439405 EXPEDIA.COM WA,EXPEDIA.COM   WA,-961.42
2025-03-26,ALASKA AIR SEATTLE WA,SEATTLE       WA,-70
2025-03-26,ALASKA AIR SEATTLE WA,SEATTLE       WA,-140
2025-03-26,ALASKA AIR 0272100529836SEATTLE WA,SEATTLE       WA,-198.3
2025-03-26,ALASKA AIR SEATTLE WA,SEATTLE       WA,-70
2025-03-26,ALASKA AIR SEATTLE WA,SEATTLE       WA,-140
2025-03-26,ALASKA AIR SEATTLE WA,SEATTLE       WA,-140
2025-03-26,ALASKA AIR 0272100527181SEATTLE WA,SEATTLE       WA,-516.6
2025-03-26,ALASKA AIR 0272100527180SEATTLE WA,SEATTLE       WA,-516.6
2025-03-26,ALASKA AIR 0272100527179SEATTLE WA,SEATTLE       WA,-516.6
2025-03-26,ALASKA AIR 0272100527178SEATTLE WA,SEATTLE       WA,-516.6
2025-03-26,ALASKA AIR 0272100527177SEATTLE WA,SEATTLE       WA,-516.6
2025-03-26,ALASKA AIR 0272100529655SEATTLE WA,SEATTLE       WA,-386.6
2025-03-26,ALASKA AIR 0272100529654SEATTLE WA,SEATTLE       WA,-386.6
2025-03-26,ALASKA AIR 0272100529653SEATTLE WA,SEATTLE       WA,-386.6
2025-03-26,OPENAI *CHATGPT SUBSCR OPENAI.COM CA,OPENAI.COM    CA,-22.04
2025-03-26,MIXTA SAN MIGUEL SAN MIGUEL DE,,-114.9
2025-03-27,CLIP MX*TRANSPFRIENDL ALVARO OBREGO,,-329.17
2025-03-27,Garmin 800-5112459 ME,800-5112459   ME,-13.17
2025-03-27,UBER* TRIP CIUDAD DE MEX,,-8.49
2025-03-27,UBER* TRIP UBER.COM/MX/E,,-2
2025-03-28,BAR MARMOTA CIUDAD DE MEX,,-110.55
2025-03-28,BICICLETA PUBL ECOBICI CIUDAD DE MEX,,-12.2
2025-03-28,BICICLETA PUBL ECOBICI CIUDAD DE MEX,,-12.2
2025-03-28,MUSEO CIUDAD DE MEX,,-53.48
2025-03-28,UBER* TRIP CIUDAD DE MEX,,-10.82
2025-03-29,CLIP MX*TRANSPFRIENDL ALVARO OBREGO,,-56.85
2025-03-29,USCUSTOMS TRUSTEDTRAVELER317-715-6776 IN,317-715-6776  IN,-120
2025-03-31,ANNUAL FEE,,-95
2025-03-31,SVO TICKETING SEATTLE WA,SEATTLE       WA,-94.46
2025-03-31,TPD JUANITA 119 KIRKLAND WA,KIRKLAND      WA,-22.36
2025-03-31,METROPOLITAN MARKET MERCER ISLANDWA,MERCER ISLAND WA,-77.23
2025-03-31,"ParkWhiz, Inc. Chicago IL",Chicago       IL,-18.48
2025-03-31,VCS*Ministry*of Home A Windhoek,,-90.69
2025-03-31,SARANJEET SINGH SHAG CAB 206-8986775 WA,206-8986775   WA,-81.62
2025-03-31,SQ *DERU MARKET Kirkland WA,Kirkland      WA,-9.93
2025-04-01,VILLAGE CLEANERS MERCER ISLANDCA,MERCER ISLAND CA,-36.84
2025-04-01,DIGITALOCEAN.COM DIGITALOCEAN.NY,DIGITALOCEAN. NY,-13.22
2025-04-01,SQ *SEATTLE GRAND CENTRALSeattle WA,Seattle       WA,-27.89
2025-04-02,TPD FIRST HILL 117 SEATTLE WA,SEATTLE       WA,-13.05
2025-04-02,WA DEPT OF HEALTH HSQA 360-236-4508 WA,360-236-4508  WA,-143.5
2025-04-02,METROPOLITAN MARKET MERCER ISLANDWA,MERCER ISLAND WA,-6.61
2025-04-02,CIELO SAN MIGUEL AL,,-64.64
2025-04-02,METROPOLIS PARKING METROPOLIS.IOTN,METROPOLIS.IO TN,-11.99
2025-04-02,TST*VIVIENNES BISTRO Mercer IslandWA,Mercer Island WA,-223.95
2025-04-03,SQ *MOLLY MOON'S COLUMBIASeattle WA,Seattle       WA,-7.67
2025-04-04,Online payment from CHK 9942,,13685.78
2025-04-04,USCUSTOMS TRUSTEDTRAVELER317-715-6776 IN,317-715-6776  IN,-25
2025-04-04,LAZ PARKING ECOMMERCE HARTFORD CT,HARTFORD      CT,-18.61
2025-04-04,SDOT PAYBYPHONE PARKING 206-684-5260 WA,206-684-5260  WA,-6
2025-04-04,TST*TUTTA BELLA NEAPOLIT Seattle WA,Seattle       WA,-50.19
2025-04-05,METROPOLITAN MARKET MERCER ISLANDWA,MERCER ISLAND WA,-3.31
2025-04-05,SBUX SEATTLE WA,SEATTLE       WA,-5.24
2025-04-07,CORPORATE AIR CENTER BURLINGTON WA,BURLINGTON    WA,-446
2025-04-07,M&S CATERING SEATTLE SEATTLE WA,SEATTLE       WA,-50.73
2025-04-07,SAHARA PIZZA - MERCER ISLMERCER ISLANDWA,MERCER ISLAND WA,-56.77
2025-04-07,CCBill.com *Offworld Med888-5969279 AZ,888-5969279   AZ,-35
2025-04-07,THE MUSEUM OF FLIGHT MAINTUKWILA WA,TUKWILA       WA,-118.7
2025-04-07,THE MUSEUM OF FLIGHT MAINTUKWILA WA,TUKWILA       WA,-10
2025-04-07,METROPOLITAN MARKET KIRKLAND WA,KIRKLAND      WA,-58.12
2025-04-07,SQ *TRUE NORTH BAKERY Burlington WA,Burlington    WA,-12.49
2025-04-07,SQ *ALL CITY COFFEE Seattle WA,Seattle       WA,-10.24
2025-04-07,Scribd *589159419 415-2336230 CA,415-2336230   CA,-13.23
2025-04-08,TPD JUANITA 119 KIRKLAND WA,KIRKLAND      WA,-16.33
2025-04-08,METROPOLITAN MARKET MERCER ISLANDWA,MERCER ISLAND WA,-3.31
2025-04-08,AIRBNB * HMSNQAB3MZ AIRBNB.COM CA,AIRBNB.COM    CA,-1657.14
2025-04-08,BARNES & NOBLE #3401 KIRKLAND WA,KIRKLAND      WA,-76.06
2025-04-08,TRADER JOE S #132 KIRKLAND WA,KIRKLAND      WA,-44.82
2025-04-09,SQ *THAI THAI KITCHEN STAStanwood WA,Stanwood      WA,-153.57
2025-04-09,TST*CAMANO COMMONS Camano IslandWA,Camano Island WA,-8.27
2025-04-10,TST*TUTTA BELLA NEAPOLIT Seattle WA,Seattle       WA,-50.19
2025-04-10,METROPOLITAN MARKET MERCER ISLANDWA,MERCER ISLAND WA,-3.31
2025-04-10,SQ *MOLLY MOON'S COLUMBIASeattle WA,Seattle       WA,-21.9
2025-04-10,SQ *TRUE NORTH BAKERY Burlington WA,Burlington    WA,-9.14
2025-04-11,SPO*CASCADIAPIZZACO-BELLEBELLEVUE WA,BELLEVUE      WA,-26.95
2025-04-11,CORPORATE AIR CENTER BURLINGTON WA,BURLINGTON    WA,-126.06
2025-04-11,H ST HAIR WASHINGTON DC,WASHINGTON    DC,-78
2025-04-11,TST*CAMANO COMMONS Camano IslandWA,Camano Island WA,-14.41
2025-04-12,TACNETLTD.COM 441865451662,,-69.95
2025-04-12,WSP BACKGROUND CHECKS 360-534-2109 WA,360-534-2109  WA,-10
2025-04-12,WSP BACKGROUND CHECKS 360-534-2109 WA,360-534-2109  WA,-11
2025-04-14,FSP*EASTSIDE LIMOUSINE 425-558-4755 WA,425-558-4755  WA,-102
2025-04-14,Netflix.com netflix.com CA,netflix.com   CA,-19.82
2025-04-15,CURB LV TAXI YCS QUEENS NY,QUEENS        NY,-20.17
2025-04-15,CURB LV TAXI NELLIS QUEENS NY,QUEENS        NY,-20.71
2025-04-15,6116_MMW_LAS Las Vegas NV,Las Vegas     NV,-7.99
2025-04-15,MGMRI - SHARK REEF 185-52755733 NV,185-52755733  NV,-178
2025-04-15,DESERT CAB LAS VEGAS NV,LAS VEGAS     NV,-30.11
2025-04-15,MANDALAY - CITIZENS LAS VEGAS NV,LAS VEGAS     NV,-32.59
2025-04-15,SAM CHOY TO THE MAXSEATACSEATAC WA,SEATAC        WA,-98.49
2025-04-15,Garmin 800-5112459 ME,800-5112459   ME,-16.47
2025-04-16,MANDALAY BAY HTL SELF PA LAS VEGAS NV,LAS VEGAS     NV,-20
2025-04-16,CURB LV TAXI YCS QUEENS NY,QUEENS        NY,-23.46
2025-04-16,CURB LV TAXI YCS QUEENS NY,QUEENS        NY,-28.91
2025-04-16,LA REAL DE MICHOACAN HENDERSON NV,HENDERSON     NV,-8.91
2025-04-16,LA REAL DE MICHOACAN HENDERSON NV,HENDERSON     NV,-93.36
2025-04-16,SLING.COM 888-363-1777 CO,888-363-1777  CO,-12.99
2025-04-16,CKE*PACIFIC DINER HENDERSHENDERSON NV,HENDERSON     NV,-230.93
2025-04-16,SPHERE-CONCESSIONS LAS VEGAS NV,LAS VEGAS     NV,-45.35
2025-04-16,MANDALAY - CITIZENS LAS VEGAS NV,LAS VEGAS     NV,-35.72
2025-04-16,MANDALAY - CITIZENS LAS VEGAS NV,LAS VEGAS     NV,-79.27
2025-04-16,MANDALAY - MOOREA BAR LAS VEGAS NV,LAS VEGAS     NV,-475
2025-04-16,WHC CAB LAS VEGAS NV,LAS VEGAS     NV,-25.39
2025-04-16,ABC #104 LV LAS VEGAS NV,LAS VEGAS     NV,-6.22
2025-04-17,Online payment from CHK 9942,,4911.9
2025-04-17,MANDALAY BAY HTL SELF PA LAS VEGAS NV,LAS VEGAS     NV,-20
2025-04-17,MANDALAY BAY HTL SELF PA LAS VEGAS NV,LAS VEGAS     NV,-20
2025-04-17,ENTERPRISE RENT-A-CAR LAS VEGAS NV,LAS VEGAS     NV,-478.08
2025-04-17,MANDALAY - NOODLE SHOP LAS VEGAS NV,LAS VEGAS     NV,-561.77
2025-04-17,DESERT CAB LAS VEGAS NV,LAS VEGAS     NV,-26.34
2025-04-17,PALAZZO SHOWROOM BAR LAS VEGAS NV,LAS VEGAS     NV,-7.58
2025-04-18,BABYSTACKS CAFE 7 LAS VEGAS NV,LAS VEGAS     NV,-189.12
2025-04-18,METROPOLIS PARKING METROPOLIS.IOTN,METROPOLIS.IO TN,-7.99
2025-04-18,RECREATION.GOV ALBUQUERQUE NM,ALBUQUERQUE   NM,-22
2025-04-19,MACPHERSON PRODUCE SEATTLE WA,SEATTLE       WA,-27.39
2025-04-21,CARREFOURMARKET PARIS,,-27.36
2025-04-21,CHATEAU D AMBOIS2932818 AMBOISE,,-38.55
2025-04-21,DB Automaten Frankfurt am,,-65.8
2025-04-21,EXPEDIA 73085471437070 EXPEDIA.COM WA,EXPEDIA.COM   WA,-288.35
2025-04-21,FSP*EASTSIDE LIMOUSINE 425-558-4755 WA,425-558-4755  WA,-102
2025-04-21,SDOT PAYBYPHONE PARKING 206-684-5260 WA,206-684-5260  WA,-2
2025-04-22,INTEREST CHARGED ON BANK CASH ADVANCES,,-0.16
2025-04-22,LES 4 SAISONS AMBOISE,,-23.61
2025-04-22,COFIROUTE 92506,,-25.2
2025-04-22,VIRGINIA MASON MEDICAL CE206-2236601 WA,206-2236601   WA,-215.15
2025-04-23,RATP PARIS,,-2.89
2025-04-23,RATP PARIS,,-2.89
2025-04-23,COFIROUTE 92506,,-1.04
2025-04-23,COFIROUTE 92506,,-29.98
2025-04-23,CARREFOURMARKET PARIS,,-19.27
2025-04-23,HORODATEURS AUT 2327664 37/TOURS,,-4.05
2025-04-23,CLOITRE PSALETTE2620492 37TOURS,,-9.26
2025-04-23,CHATEAU BELMONT TOURS,,-122.12
2025-04-23,VILLAGE CLEANERS MERCER ISLANDCA,MERCER ISLAND CA,-37.93
2025-04-23,MERCER NAILS & SPA MERCER ISLANDWA,MERCER ISLAND WA,-61
2025-04-24,CAFE DE PARIS PARIS,,-109.48
2025-04-24,FOREFLIGHT LLC 855-583-5087 TX,855-583-5087  TX,-1065.64
2025-04-24,COLUMBIA CITY PARKING SEATTLE WA,SEATTLE       WA,-2
2025-04-24,COLUMBIA CITY PARKING SEATTLE WA,SEATTLE       WA,-2
2025-04-24,SQ *MOLLY MOON'S COLUMBIASeattle WA,Seattle       WA,-10
2025-04-24,SQ *MOLLY MOON'S COLUMBIASeattle WA,Seattle       WA,-18.65
2025-04-26,PUMA ENERGY NAM-EROS A WINDHOEK,,-533.68
2025-04-26,DISCHEM GROVE WINDHOEK,,-17.2
2025-04-26,OPENAI *CHATGPT SUBSCR OPENAI.COM CA,OPENAI.COM    CA,-22.04
2025-04-26,CHECKERS 64913 GROVE WINDHOEK,,-40.32
2025-04-28,Garmin 800-5112459 ME,800-5112459   ME,-13.17
2025-04-28,EXPEDIA 73084548923059 EXPEDIA.COM WA,EXPEDIA.COM   WA,-411
2025-04-29,CAMANO ISLAND COFFEE CAMANO ISLANDWA,CAMANO ISLAND WA,-12.5
2025-05-01,DIGITALOCEAN.COM DIGITALOCEAN.NY,DIGITALOCEAN. NY,-13.22
2025-05-01,COLUMBIA CITY PARKING SEATTLE WA,SEATTLE       WA,-2
2025-05-03,PORTUGUES FISHERMAN RES LUDERITZ,,-309.45
2025-05-05,PUMA ENERGY NAM-EROS A WINDHOEK,,-623.95
2025-05-05,Posthotel Leavenworth 509-5487678 WA,509-5487678   WA,-775.62
2025-05-05,SCHOLASTIC BOOK FAIRS R4 LAKE MARY FL,LAKE MARY     FL,-12.12
2025-05-05,SCHOLASTIC BOOK FAIRS R4 LAKE MARY FL,LAKE MARY     FL,-14.32
2025-05-06,EXPEDIA 73098705690268 EXPEDIA.COM WA,EXPEDIA.COM   WA,-704.36
2025-05-06,Scribd *589159419 415-2336230 CA,415-2336230   CA,-13.23
2025-05-07,PASS ZATD WWW.TRAVELDOC,,-74
2025-05-07,DELTA AIR 0062329773455800-2211212 CA,800-2211212   CA,-1797.01
2025-05-07,DELTA AIR 0062329773454800-2211212 CA,800-2211212   CA,-1797.01
2025-05-07,DELTA AIR 0062329773453800-2211212 CA,800-2211212   CA,-1797.01
2025-05-07,DELTA AIR 0062329773452800-2211212 CA,800-2211212   CA,-1797.01
2025-05-07,Solitaire Country Lod G Sesriem,,-6.31
2025-05-07,VILLAGE CLEANERS MERCER ISLANDCA,MERCER ISLAND CA,-27.53
2025-05-07,AIRBNB * HMRAP3QMSC AIRBNB.COM CA,AIRBNB.COM    CA,-2477.21
2025-05-08,Solitaire Country Lod G Sesriem,,-5.46
2025-05-08,FSP*EASTSIDE LIMOUSINE 425-558-4755 WA,425-558-4755  WA,-102
2025-05-08,PUMA ENERGY NAM-EROS A WINDHOEK,,-251.78
2025-05-08,PnP Crp Waterfront WATERFRONT,,-27.04
2025-05-08,NAC EROS AIRPORT WINDHOEK,,-20.79
2025-05-09,GUARDIAN PEAK 112631 STELLENBOSCH,,-93.63
2025-05-09,EXCLUSIVE BOOKS WATERF Cape Town,,-21.48
2025-05-09,WOOLWORTHS SOMERSET WEST,,-8.56
2025-05-10,POSTNET VA WATERFRONT CAPE TOWN,,-36.9
2025-05-12,Online payment from CHK 9942,,17505.56
2025-05-12,STUBHUB INC 866-788-2482 CA,866-788-2482  CA,-1134.96
2025-05-12,FSP*EASTSIDE LIMOUSINE 425-558-4755 WA,425-558-4755  WA,-102
2025-05-12,EXCLUSIVE BOOKS AIRPOR Kempton Park,,-36.73
2025-05-12,SIGNATURE FLIGHT SUPPO CAPE TOWN,,-1346.53
2025-05-13,RAMC AIRCRAFT FUEL GERMISTON,,-963.86
2025-05-13,TST*VIVIENNES BISTRO Mercer IslandWA,Mercer Island WA,-757.11
2025-05-14,Online payment from CHK 9942,,4341.19
2025-05-14,Netflix.com 408-5403700 CA,408-5403700   CA,-19.82
2025-05-15,Garmin 800-5112459 ME,800-5112459   ME,-16.47
2025-05-16,SLING.COM 888-363-1777 CO,888-363-1777  CO,-12.99
2025-05-16,ALASKA AIR 0272105545190SEATTLE WA,SEATTLE       WA,-548.3
2025-05-17,DIAMOND PARKING parkmobilecomWA,parkmobilecom WA,-13.48
2025-05-17,SQ *MIRIAM?S BAKESHOP Mercer IslandWA,Mercer Island WA,-26
2025-05-17,Avis Rent A Car 1 SANDTON,,-95.09
2025-05-19,THE MUSEUM OF FLIGHT MAINTUKWILA WA,TUKWILA       WA,-42.49
2025-05-19,CTLP*Venuplus Inc ORLANDO FL,ORLANDO       FL,-3.5
2025-05-19,"ParkWhiz, Inc. Chicago IL",Chicago       IL,-19.08
2025-05-19,ALASKA AIR 0272105742625SEATTLE WA,SEATTLE       WA,-1946.6
2025-05-19,CHEVRON 0092003 MERCER ISLANDWA,MERCER ISLAND WA,-48.2
2025-05-20,CAMOCEAN COFFEE COMPANY CAMANO ISLANDWA,CAMANO ISLAND WA,-5.7
2025-05-20,TST*BLUE HERON KITCHEN A Camano WA,Camano        WA,-319.41
2025-05-21,DELTA AIR 0062333866720800-2211212 CA,800-2211212   CA,-1648
2025-05-21,Perkins Coie SEATTLE WA,SEATTLE       WA,-70
2025-05-23,CAMOCEAN COFFEE COMPANY CAMANO ISLANDWA,CAMANO ISLAND WA,-19.11
2025-05-23,BRITISH A 1252209983414WWW.BRITISHAI,,-206.94
2025-05-23,EL AL 114249114117297239771111,,-1402.4
2025-05-23,NORTH IDAHO JET HAYDEN LAKE ID,HAYDEN LAKE   ID,-743.23
2025-05-23,VIRGINIA MASON MEDICAL CE206-2236601 WA,206-2236601   WA,-485.85
2025-05-24,FIRST LIGHT CONDO FIRSTLIGHTSEAWA,FIRSTLIGHTSEA WA,-51.87
2025-05-24,FSP*EASTSIDE LIMOUSINE 425-558-4755 WA,425-558-4755  WA,-102
2025-05-24,TST* YUZEN JAPANESE CUISIMERCER ISLANDWA,MERCER ISLAND WA,-142.49
2025-05-26,"CURSOR, AI POWERED IDE CURSOR.COM NY",CURSOR.COM    NY,-211.58
2025-05-26,OPENAI *CHATGPT SUBSCR OPENAI.COM CA,OPENAI.COM    CA,-22.04
2025-05-26,Garmin 800-5112459 ME,800-5112459   ME,-5.36
2025-05-26,EL AL TEL AVIV INTER LOD NAMAL TEU,,-6032.09
2025-05-26,MERCER NAILS & SPA MERCER ISLANDWA,MERCER ISLAND WA,-240
2025-05-27,"SQ *TINY'S ORGANIC, LLC Seattle WA",Seattle       WA,-14.24
2025-05-28,ALLISTER 206-5520224 WA,206-5520224   WA,-465.7
2025-05-28,AIRBNB * HMRAP3QMSC AIRBNB.COM CA,AIRBNB.COM    CA,-364.29
2025-05-28,METROPOLITAN MARKET MERCER ISLANDWA,MERCER ISLAND WA,-7.7
2025-05-28,SOSIO'S PRODUCE SEATTLE WA,SEATTLE       WA,-43
2025-05-28,TST*LOLA - TOM DOUGLAS Seattle WA,Seattle       WA,-314.13
2025-05-28,Garmin 800-5112459 ME,800-5112459   ME,-13.17
2025-05-29,SQ *AXUM FOODS LLC Seattle WA,Seattle       WA,-5.41
2025-05-29,SQ *WENDY SIMPLY COOKS Tukwila WA,Tukwila       WA,-39.69
2025-05-29,SQ *WENDY SIMPLY COOKS Tukwila WA,Tukwila       WA,-20.84
2025-05-29,COLUMBIA CITY PARKING SEATTLE WA,SEATTLE       WA,-4
2025-05-29,SQ *MOLLY MOON'S COLUMBIASeattle WA,Seattle       WA,-18.65
2025-05-29,PETER MILLER BOOKS SEATTLE WA,SEATTLE       WA,-150.08
2025-05-30,AMATO DENTAL GROUP SEATTLE WA,SEATTLE       WA,-227.22
2025-05-30,METROPOLIS PARKING METROPOLIS.IOTN,METROPOLIS.IO TN,-9.99
2025-05-30,AIRBNB * HMRAP3QMSC AIRBNB.COM CA,AIRBNB.COM    CA,-2177.1
2025-06-02,Online payment from CHK 9942,,18375.3
2025-06-02,DIGITALOCEAN.COM DIGITALOCEAN.NY,DIGITALOCEAN. NY,-13.22
2025-06-02,CAMANO ISLAND COFFEE CAMANO ISLANDWA,CAMANO ISLAND WA,-21.29
2025-06-04,LW Theatres Group Limitedlondon,,-334.33
2025-06-04,CHRISTIANSON'S NURSERY 360-466-3821 WA,360-466-3821  WA,-668.12
2025-06-04,SPORTY'S CATALOGS 513-735-9000 OH,513-735-9000  OH,-792.45
2025-06-05,ORCHARDS NURSERY STANWOOD WA,STANWOOD      WA,-86.3
2025-06-05,ORCHARDS NURSERY STANWOOD WA,STANWOOD      WA,-32.34
2025-06-05,ORCHARDS NURSERY STANWOOD WA,STANWOOD      WA,-1022.18
2025-06-05,CAMANO ISLAND COFFEE CAMANO ISLANDWA,CAMANO ISLAND WA,-7.25
2025-06-05,AMATO DENTAL GROUP SEATTLE WA,SEATTLE       WA,-257.5
2025-06-06,WSDOT-GOODTOGO ONLINE RENTON WA,RENTON        WA,-100
2025-06-06,DONNAS ESPRESSO MARYSVILLE WA,MARYSVILLE    WA,-3.77
2025-06-06,VM PARKING TERRY UNIV LOTSEATTLE WA,SEATTLE       WA,-5
2025-06-06,EYE SOCIETY BELLEVUE BELLEVUE WA,BELLEVUE      WA,-1059.2
2025-06-06,Scribd *589159419 415-2336230 CA,415-2336230   CA,-13.23
2025-06-07,SQ *MIRIAM?S BAKESHOP Mercer IslandWA,Mercer Island WA,-13
2025-06-07,Pacific Northwest Ball Seattle WA,Seattle       WA,-219
2025-06-07,TST* DOUGH ZONE - DOWNTOWBELLEVUE WA,BELLEVUE      WA,-177.28
2025-06-07,STARBUCKS 03310 MERCER ISLANDWA,MERCER ISLAND WA,-13.23
2025-06-09,KATHAKALI AN INDIAN EATERKIRKLAND WA,KIRKLAND      WA,-111.08
2025-06-09,CORPORATE AIR CENTER BURLINGTON WA,BURLINGTON    WA,-164.83
2025-06-09,PETER MILLER BOOKS SEATTLE WA,SEATTLE       WA,-145.66
2025-06-09,EASTSIDE MOBILE AUTO GLAS206-255-7827 WA,206-255-7827  WA,-764.53
2025-06-09,TST*SERIOUS PIE DOWNTOWN Seattle WA,Seattle       WA,-139.47
2025-06-09,SQ *SEATTLE POPS - FARMERSeattle WA,Seattle       WA,-13.5
2025-06-09,TST*PRELUDE Seattle WA,Seattle       WA,-49.94
2025-06-09,TST*SANO CAFE Mercer IslandWA,Mercer Island WA,-10.35
2025-06-10,CORPORATE AIR CENTER BURLINGTON WA,BURLINGTON    WA,-740.74
2025-06-11,VILLAGE CLEANERS MERCER ISLANDCA,MERCER ISLAND CA,-20.89
2025-06-12,English Heritage Trust Swindon,,-45.49
2025-06-12,Online payment from CHK 9942,,6999.68
2025-06-13,REST IS POLITICS US UCKFIELD,,-81.41
2025-06-14,SQ *BRIOCHE COFFEE & BRUNLondon,,-52.12
2025-06-14,FSP*EASTSIDE LIMOUSINE 425-558-4755 WA,425-558-4755  WA,-102
2025-06-14,www.headout.com Berlin,,-56.86
2025-06-14,NETFLIX.COM NETFLIX.COM CA,NETFLIX.COM   CA,-19.82
2025-06-16,SLING.COM 888-363-1777 CO,888-363-1777  CO,-12.99
2025-06-16,SCIENCE MUSEUM LONDON,,-10.23
2025-06-16,ZOLEO USA Inc. SEATTLE WA,SEATTLE       WA,-28.65
2025-06-16,SQ *CITY CRUISES London,,-23.32
2025-06-16,PRET A MANGER LONDON,,-30.74
2025-06-18,THE INDIA 4 - BEST OF THELONDON,,-199.62
2025-06-19,"SQ *FEDELE OXFORD LTD High Street,",,-13.59
2025-06-19,Zettle_*Sartorelli?s Ltd Witney,,-28.53
2025-06-19,ZETTLE_*SARTORELLI S L WITNEY,,-15.63
2025-06-20,Online payment from CHK 9942,,4835.13
2025-06-20,EL AL 114249114117297239771111,,1400.51
2025-06-20,UBER *TRIP HELP.UBER.COM,,-13.97
2025-06-20,ATM - TRANSACTION FEE,,-18.48
2025-06-20,ROYAL BANK UK / TESCO NRTH HA,,-369.75
2025-06-21,THE GAINSBOROUGH BATH,,-1616.21
2025-06-21,WELCOME B/WAITROSE FLEET SOUTH,,-9.36
2025-06-21,WELCOME B/WAITROSE FLEET SOUTH,,-3.44
2025-06-23,EL AL TEL AVIV INTER LOD NAMAL TEU,,6032.09
2025-06-23,76 - GURANAND 3 INC SEATTLE WA,SEATTLE       WA,-82.94
2025-06-23,PRET A MANGER HEATHROW,,-20.14
2025-06-23,THE GAINSBOROUGH BATH,,-68.25
2025-06-23,TICKETSOURCE 0333 666 4466,,-58.28
2025-06-24,AVIS.COM PREPAY 8003527900 VA,8003527900    VA,-147.19
2025-06-24,AVIS RENT-A-CAR E539612953,,-462.28
2025-06-24,METROPOLIS PARKING METROPOLIS.IOTN,METROPOLIS.IO TN,-9.99
2025-06-25,NOTRE DAME PARIS PARIS,,-11.58
2025-06-25,MON PETIT POULET PARIS 17,,-13.32
2025-06-25,COCO PASSION PARIS 4,,-8.11
2025-06-25,TERRASSE DE MME 2939319 PARIS0000556/,,-9.85
2025-06-25,ALTO ONSITE PARIS 1,,-6.95
2025-06-25,Fat Tire Tours Holdings L732-9153680 TX,732-9153680   TX,-52.12
2025-06-25,Garmin 800-5112459 ME,800-5112459   ME,-16.52
2025-06-26,ISLAND COUNTY CAMANO OUTBCAMANO ISLANDWA,CAMANO ISLAND WA,-14.75
2025-06-26,OPENAI *CHATGPT SUBSCR OPENAI.COM CA,OPENAI.COM    CA,-22.04
2025-06-27,SQ *THAI THAI KITCHEN STAStanwood WA,Stanwood      WA,-77.93
2025-06-28,TAN SOK CHOEU VITRY SUR SEI,,-86.92
2025-06-28,TAN SOK CHOEU VITRY SUR SEI,,-7.05
2025-06-28,CAMANO ISLAND COFFEE CAMANO ISLANDWA,CAMANO ISLAND WA,-5
2025-06-28,Garmin 800-5112459 ME,800-5112459   ME,-13.17
2025-06-30,AVIS RENT-A-CAR SANTA ROSA CA,SANTA ROSA    CA,-2.5
2025-06-30,STARBUCKS STORE 03310 MERCER ISLANDWA,MERCER ISLAND WA,-15.71
2025-07-01,ORCA 8889886722 WA,8889886722    WA,-3
2025-07-01,DIGITALOCEAN.COM DIGITALOCEAN.NY,DIGITALOCEAN. NY,-13.22
2025-07-01,IL BISTRO SEATTLE WA,SEATTLE       WA,-378.81
2025-07-01,SANTA ROSA JET CENTER SANTA ROSA CA,SANTA ROSA    CA,-904.24
2025-07-02,QFC #5806 MERCER ISLANDWA,MERCER ISLAND WA,-36.25
2025-07-02,QFC #5806 MERCER ISLANDWA,MERCER ISLAND WA,-5.12
2025-07-02,MERCER NAILS & SPA MERCER ISLANDWA,MERCER ISLAND WA,-37
2025-07-04,COURTYARD BY MARRIOTT BOSTON MA,BOSTON        MA,-454.18
2025-07-04,STARBUCKS STORE 03310 MERCER ISLANDWA,MERCER ISLAND WA,-12.68
2025-07-04,THE HOME DEPOT #4711 BELLEVUE WA,BELLEVUE      WA,-68.15
2025-07-05,ELGER BAY FOOD MART CAMANO ISLANDWA,CAMANO ISLAND WA,-11.9
2025-07-05,ELGER BAY FOOD MART CAMANO ISLANDWA,CAMANO ISLAND WA,-7.38
2025-07-05,ELGER BAY FOOD MART CAFE CAMANO WA,CAMANO        WA,-10.39
2025-07-05,CAMANO ISLAND COFFEE CAMANO ISLANDWA,CAMANO ISLAND WA,-7.25
2025-07-05,ACE PARKING 3286 BELLVUE WA,BELLVUE       WA,-8
2025-07-05,HAGGEN 3480 STANWOOD WA,STANWOOD      WA,-5.3
2025-07-07,CAMANO ISLAND COFFEE CAMANO ISLANDWA,CAMANO ISLAND WA,-18.85
2025-07-07,STANWOOD CINEMAS B&M STANWOOD WA,STANWOOD      WA,-139.5
2025-07-07,Scribd *589159419 415-2336230 CA,415-2336230   CA,-13.23
2025-07-08,CAMANO PLAZA MA CAMANO ISLANDWA,CAMANO ISLAND WA,-37.58
2025-07-08,ISLAND COUNTY CAMANO OUTBCAMANO ISLANDWA,CAMANO ISLAND WA,-14.75
2025-07-09,CAMANO ISLAND STATE PARK CAMANO ISLANDWA,CAMANO ISLAND WA,-7
2025-07-09,CAMANO ISLAND COFFEE CAMANO ISLANDWA,CAMANO ISLAND WA,-6.98
2025-07-09,CAMANO MARINE CAMANO ISLANDWA,CAMANO ISLAND WA,-2066.54
2025-07-10,CAMANO ISLAND COFFEE CAMANO ISLANDWA,CAMANO ISLAND WA,-6.98
2025-07-10,ISLAND COUNTY CAMANO OUTBCAMANO ISLANDWA,CAMANO ISLAND WA,-14.75
2025-07-11,DONNAS ESPRESSO MARYSVILLE WA,MARYSVILLE    WA,-3.57
2025-07-11,VILLAGE CLEANERS MERCER ISLANDCA,MERCER ISLAND CA,-154.14
2025-07-11,QFC #5806 MERCER ISLANDWA,MERCER ISLAND WA,-5.12
2025-07-11,JOECOFFEE-CAFFE LADRO 120-65313212 WA,120-65313212  WA,-7.73
2025-07-14,ISLAND COUNTY CAMANO OUTBCAMANO ISLANDWA,CAMANO ISLAND WA,-15.25
2025-07-14,NETFLIX.COM NETFLIX.COM CA,NETFLIX.COM   CA,-19.82
2025-07-16,SLING.COM 888-363-1777 CO,888-363-1777  CO,-12.99
2025-07-16,ARANGRANT AIR TKT 888-9463882 CA,888-9463882   CA,-1794.12
2025-07-16,ALASKA AIR 0272111447639SEATTLE WA,SEATTLE       WA,-1209.65
2025-07-16,ALASKA AIR 0272111447638SEATTLE WA,SEATTLE       WA,-1209.65
2025-07-16,ZOLEO USA Inc. SEATTLE WA,SEATTLE       WA,-28.65
2025-07-18,KOZA TURKISH GROCERY KIRKLAND WA,KIRKLAND      WA,-39.39
2025-07-18,IN FLIGHT PURCHASE REBATE,,55.66
2025-07-18,ALASKA AIR 0272111689852SEATTLE WA,SEATTLE       WA,-278.3
2025-07-18,IN FLIGHT PURCHASE REBATE,,64.66
2025-07-18,ALASKA AIR 0272111689770SEATTLE WA,SEATTLE       WA,-323.3
2025-07-18,CORPORATE AIR CENTER BURLINGTON WA,BURLINGTON    WA,-129.7
2025-07-18,VIRGINIA MASON MEDICAL CE206-2236601 WA,206-2236601   WA,-341.93
2025-07-18,VIRGINIA MASON MEDICAL CE206-2236601 WA,206-2236601   WA,-40
2025-07-19,STARBUCKS STORE 03321 MARYSVILLE WA,MARYSVILLE    WA,-4.82
2025-07-19,ALASKA AIR 0272111447639SEATTLE WA,SEATTLE       WA,254.5
2025-07-19,ALASKA AIR 0272111447638SEATTLE WA,SEATTLE       WA,254.5
2025-07-19,IN FLIGHT PURCHASE REBATE,,175.32
2025-07-19,ALASKA AIR 0272111709291SEATTLE WA,SEATTLE       WA,-876.6
2025-07-19,NY REVIEW OF BOOKS 800-354-0050 NY,800-354-0050  NY,-129.95
2025-07-22,CAFE VELOCE 425-8142972 WA,425-8142972   WA,-157.36
2025-07-23,JUDYS COUNTRY KITCHEN LLCCENTRALIA WA,CENTRALIA     WA,-57.74
2025-07-24,IN FLIGHT REBATE ADJ,,-175.32
2025-07-24,IN FLIGHT REBATE ADJ,,-55.66
2025-07-24,IN FLIGHT REBATE ADJ,,-64.66
2025-07-24,GWL GRAND MOUND WOODS 800-6409653 WA,800-6409653   WA,-8.45
2025-07-24,GWL GRAND MOUND WOODS 800-6409653 WA,800-6409653   WA,-5.99
2025-07-25,Garmin 800-5112459 ME,800-5112459   ME,-25.32
2025-07-26,Online payment from CHK 9942,,1963.5
2025-07-26,WA DOL LIC & REG 41782 KENT WA,KENT          WA,-140.08
2025-07-26,OPENAI *CHATGPT SUBSCR OPENAI.COM CA,OPENAI.COM    CA,-22.04
2025-07-28,THE MUSEUM OF FLIGHT MAINTUKWILA WA,TUKWILA       WA,-70.19
2025-07-28,Garmin 800-5112459 ME,800-5112459   ME,-13.17
2025-07-28,DIM SUM FACTORY 131-27305592 IL,131-27305592  IL,-111.68
2025-07-28,LES SCHWAB #419 BELLEVUE WA,BELLEVUE      WA,-2711.49
2025-07-29,LUFTHANSA 2202230313805KOLN,,-265.82
2025-07-30,DIAMOND PARKING parkmobilecomWA,parkmobilecom WA,-13.48
2025-07-31,TPD JUANITA 119 KIRKLAND WA,KIRKLAND      WA,-18.65
2025-08-01,DIGITALOCEAN.COM DIGITALOCEAN.NY,DIGITALOCEAN. NY,-13.22
2025-08-04,AMAZON MKTPL*2G3CU58M3 Amzn.com/billWA,Amzn.com/bill WA,-45.98
2025-08-04,CAMANO ISLAND COFFEE CAMANO ISLANDWA,CAMANO ISLAND WA,-14.32
2025-08-04,AMAZON RETA* HV6AX37B3 WWW.AMAZON.COWA,WWW.AMAZON.CO WA,-26.54
2025-08-04,mcafee.com/autorenewal 866-6223911 CA,866-6223911   CA,-132.23
2025-08-04,AMAZON MKTPL*LU2A765J3 Amzn.com/billWA,Amzn.com/bill WA,-94.35
2025-08-04,AMAZON MKTPL*939Y966H3 Amzn.com/billWA,Amzn.com/bill WA,-55.76
2025-08-04,AMAZON MKTPL*BX3XA0RY3 Amzn.com/billWA,Amzn.com/bill WA,-26.06
2025-08-04,AMAZON RETA* X10HB57L3 WWW.AMAZON.COWA,WWW.AMAZON.CO WA,-32.08
2025-08-05,AMAZON RETA* U043T5IR3 WWW.AMAZON.COWA,WWW.AMAZON.CO WA,-38.07
2025-08-05,AMAZON RETA* 4W7E37JF3 WWW.AMAZON.COWA,WWW.AMAZON.CO WA,-11.24
2025-08-05,SQ *MACRINA - MERCER ISLAMercer IslandWA,Mercer Island WA,-18.21
2025-08-05,AMAZON MKTPL*KY8K40AP3 Amzn.com/billWA,Amzn.com/bill WA,-110.97
2025-08-05,THE BAKED CAFE CAMANO ISLANDWA,CAMANO ISLAND WA,-7.75
2025-08-05,THE BAKED CAFE CAMANO ISLANDWA,CAMANO ISLAND WA,-43.71
2025-08-06,CINDY'S BEAUTY SALON MERCER ISLANDWA,MERCER ISLAND WA,-114
2025-08-06,VIRGINIA MASON MEDICAL CE206-2236601 WA,206-2236601   WA,-835.39
2025-08-06,TST* ASA MERCER ISLANDWA,MERCER ISLAND WA,-22.48
2025-08-06,TST* VIVIENNES BISTRO MERCER ISLANDWA,MERCER ISLAND WA,-338.5
2025-08-06,Scribd *589159419 415-2336230 CA,415-2336230   CA,-13.23
2025-08-07,SDOT PAYBYPHONE PARKING 206-684-2489 WA,206-684-2489  WA,-7
2025-08-07,SDOT PAYBYPHONE PARKING 206-684-2489 WA,206-684-2489  WA,-7
2025-08-07,UW PAY BY PHONE 206-685-1553 WA,206-685-1553  WA,-10
2025-08-08,LUFTHANSA 2202230814971KOLN,,-468.24
2025-08-09,COSTCO WHSE #0662 BURLINGTON WA,BURLINGTON    WA,-246.86
2025-08-09,COSTCO WHSE #0662 BURLINGTON WA,BURLINGTON    WA,-1.63
2025-08-11,CCBill.com *Offworld Med888-5969279 AZ,888-5969279   AZ,-35
2025-08-12,ISLAND COUNTY CAMANO OUTBCAMANO ISLANDWA,CAMANO ISLAND WA,-14.75
2025-08-13,ELGER BAY FOOD MART CAMANO ISLANDWA,CAMANO ISLAND WA,-10.37
2025-08-13,ELGER BAY FOOD MART CAFE CAMANO WA,CAMANO        WA,-11.85
2025-08-14,Online payment from CHK 9942,,6566.53
2025-08-14,CAMANO ISLAND COFFEE CAMANO ISLANDWA,CAMANO ISLAND WA,-13.5
2025-08-14,CAMANO ISLAND COFFEE CAMANO ISLANDWA,CAMANO ISLAND WA,-12.14
2025-08-14,THE INFORMATION THEINFORMATIOCA,THEINFORMATIO CA,-329.5
2025-08-14,CBI*Acronis 151-2289241 IL,151-2289241   IL,-209.37
2025-08-14,NETFLIX.COM NETFLIX.COM CA,NETFLIX.COM   CA,-19.82
2025-08-15,CAMANO ISLAND COFFEE CAMANO ISLANDWA,CAMANO ISLAND WA,-26.46
2025-08-16,SLING.COM 888-363-1777 CO,888-363-1777  CO,-12.99
2025-08-16,CAMANO ISLAND COFFEE CAMANO ISLANDWA,CAMANO ISLAND WA,-16.76
2025-08-16,ISLAND COUNTY CAMANO OUTBCAMANO ISLANDWA,CAMANO ISLAND WA,-14.75
2025-08-16,JANES RADIANT 425-267-0202 WA,425-267-0202  WA,-314.44
2025-08-16,ZOLEO USA Inc. SEATTLE WA,SEATTLE       WA,-28.65
2025-08-18,ISLAND COUNTY CAMANO OUTBCAMANO ISLANDWA,CAMANO ISLAND WA,-15.25
2025-08-18,SAHARA PIZZA - 102ND AVE STANWOOD WA,STANWOOD      WA,-124.34
2025-08-18,ELGER BAY FOOD MART CAMANO ISLANDWA,CAMANO ISLAND WA,-111.73
2025-08-18,CAMANO PLAZA MA CAMANO ISLANDWA,CAMANO ISLAND WA,-27.07
2025-08-18,CAMANO PLAZA MA CAMANO ISLANDWA,CAMANO ISLAND WA,-102.66
2025-08-18,CAMANO ISLAND COFFEE CAMANO ISLANDWA,CAMANO ISLAND WA,-6.25
2025-08-19,AVIS RENT-A-CAR SPOKANE WA,SPOKANE       WA,-257.98
2025-08-20,MUSIC FOR THE EYES LANGLEY WA,LANGLEY       WA,-1149.95
2025-08-21,CAMANO ISLAND COFFEE CAMANO ISLANDWA,CAMANO ISLAND WA,-5.94
2025-08-21,JANES RADIANT 425-267-0202 WA,425-267-0202  WA,-2834.25
2025-08-21,THE STAR STORE LANGLEY WA,LANGLEY       WA,-101.17
2025-08-21,PORT OF SOUTH WHIDBEY COUPEVILLE WA,COUPEVILLE    WA,-7
2025-08-22,EXPEDIA 73216014890497 EXPEDIA.COM WA,EXPEDIA.COM   WA,-15.57
2025-08-23,COSTCO WHSE #0001 SEATTLE WA,SEATTLE       WA,-217.24
2025-08-23,CAMANO ISLAND COFFEE CAMANO ISLANDWA,CAMANO ISLAND WA,-6.98
2025-08-23,JANES RADIANT 425-267-0202 WA,425-267-0202  WA,-2834.25
2025-08-25,CAMANO ISLAND STATE PARK 360-902-8572 WA,360-902-8572  WA,-7
2025-08-25,US CUSTOMS DTOPS 317-298-1245 IN,317-298-1245  IN,-35.98
2025-08-25,TST*SANO CAFE Mercer IslandWA,Mercer Island WA,-20.4
2025-08-25,Garmin 800-5112459 ME,800-5112459   ME,-25.32
2025-08-25,MERCER NAILS & SPA MERCER ISLANDWA,MERCER ISLAND WA,-51
2025-08-25,ALASKA AIR 0272115262021SEATTLE WA,SEATTLE       WA,-308.3
2025-08-25,ALASKA AIR 0272115262020SEATTLE WA,SEATTLE       WA,-308.3
2025-08-26,EXPEDIA 73220320765207 EXPEDIA.COM WA,EXPEDIA.COM   WA,-215.52
2025-08-26,AIRBNB * TAQJ5EJP AIRBNB.COM CA,AIRBNB.COM    CA,-271.78
2025-08-26,PAGLIACCI JUANITA KIRKLAND WA,KIRKLAND      WA,-11.4
2025-08-26,OPENAI *CHATGPT SUBSCR OPENAI.COM CA,OPENAI.COM    CA,-22.04
2025-08-26,Online payment from CHK 9942,,8816.01
2025-08-27,AIRBNB * HM2P8HBQSQ AIRBNB.COM CA,AIRBNB.COM    CA,-604.09
2025-08-27,ALASKA AIR 0272115502675SEATTLE WA,SEATTLE       WA,-598.3
2025-08-27,ACE PARKING 3381 SEATTLE WA,SEATTLE       WA,-7
2025-08-27,SDOT PAYBYPHONE PARKING 206-684-2489 WA,206-684-2489  WA,-6.38
2025-08-27,UNITED 0162326279564UNITED.COM TX,UNITED.COM    TX,-658.19
2025-08-27,YYJ FBO SERVICES LTD NORTH SAANICHBC,NORTH SAANICH BC,-113.27
2025-08-28,CHEVRON 0356816 MERCER ISLANDWA,MERCER ISLAND WA,-49.59
2025-08-28,Garmin 800-5112459 ME,800-5112459   ME,-13.17
2025-08-29,OSPREY RESTAURANT AND B 509-5345805 WA,509-5345805   WA,-120.37
2025-08-29,SQ *NIJEBA SHIKURI Seattle WA,Seattle       WA,-47.16
2025-09-01,DIGITALOCEAN.COM DIGITALOCEAN.NY,DIGITALOCEAN. NY,-13.22
2025-09-01,GO RENTALS COE HAYDEN ID,HAYDEN        ID,-22.63
2025-09-01,GO RENTALS COE HAYDEN ID,HAYDEN        ID,-350
2025-09-01,MICHAEL'S TOYOTA OF BELL BELLEVUE WA,BELLEVUE      WA,-1980.62
2025-09-01,HYATT REG LKE WSHGTN F&B RENTON WA,RENTON        WA,-507.6
2025-09-02,ALASKA AIR 0272116003259SEATTLE WA,SEATTLE       WA,-268.3
2025-09-03,LUFTHANSA 2202232244968KOLN,,-114.19
2025-09-03,LUFTHANSA 2202232218058KOLN,,-147.69
2025-09-03,CAMANO ISLAND COFFEE CAMANO ISLANDWA,CAMANO ISLAND WA,-12.96
2025-09-04,AMAZING CARPET AND TIL amazingcarpetCA,amazingcarpet CA,-970
2025-09-05,VIRGINIA MASON MEDICAL CE206-2236601 WA,206-2236601   WA,-154.69
2025-09-06,SQ *ISLAND BOOKS MERCER ISLANDWA,MERCER ISLAND WA,-19.82
2025-09-06,PREMIUM PARKING PREMIUMPARKINLA,PREMIUMPARKIN LA,-30.46
2025-09-06,Scribd *589159419 415-2336230 CA,415-2336230   CA,-13.23
2025-09-09,CRYSTAL MOUNTAIN ENUMCLAW WA,ENUMCLAW      WA,-5.41
2025-09-10,TURKISH AIRL000000055W5K5WWW.TURKISHAINY,WWW.TURKISHAI NY,-7767.21
2025-09-10,CAMANO ISLAND COFFEE CAMANO ISLANDWA,CAMANO ISLAND WA,-6.98
2025-09-10,RYANMCBETH.COM RYANMCBETH.COMD,RYANMCBETH.CO MD,-100
2025-09-11,ACE PARKING 3288 SEATTLE WA,SEATTLE       WA,-7
2025-09-12,FORD OF KIRKLAND/HYUNDAI KIRKLAND WA,KIRKLAND      WA,-1623.84
2025-09-12,METROPOLIS PARKING METROPOLIS.IOTN,METROPOLIS.IO TN,-7.99
2025-09-12,PREMIUM PARKING PREMIUMPARKINLA,PREMIUMPARKIN LA,-10.49
2025-09-12,Garmin 800-5112459 ME,800-5112459   ME,-60.59
2025-09-12,WICKED BREW STANWOOD WA,STANWOOD      WA,-3.25
2025-09-13,Online payment from CHK 9942,,17692.73
2025-09-15,AEROMEXICO C1392159310736CUAUHT MOC,,-488.26
2025-09-15,AEROMEXICO C1392159310735CUAUHT MOC,,-488.26
2025-09-15,ALASKA AIR 0272117210134SEATTLE WA,SEATTLE       WA,-863.98
2025-09-15,ALASKA AIR 0272117210133SEATTLE WA,SEATTLE       WA,-863.98
2025-09-15,AIRBNB * HM2P8HBQSQ AIRBNB.COM CA,AIRBNB.COM    CA,-509.25
2025-09-15,NETFLIX.COM NETFLIX.COM CA,NETFLIX.COM   CA,-19.82
2025-09-16,SQ *ANDRII CO. Kirkland WA,Kirkland      WA,-11
2025-09-16,SLING.COM 888-363-1777 CO,888-363-1777  CO,-12.99
2025-09-16,ISLAND COUNTY CAMANO OUTBCAMANO ISLANDWA,CAMANO ISLAND WA,-14.75
2025-09-16,ZOLEO USA Inc. SEATTLE WA,SEATTLE       WA,-28.65
2025-09-17,FSP*EASTSIDE LIMOUSINE 425-558-4755 WA,425-558-4755  WA,-102
2025-09-17,UBER *TRIP HELP.UBER.COMCA,HELP.UBER.COM CA,-126.68
2025-09-18,COUNTRY INN & SUITES - BROOKINGS SD,BROOKINGS     SD,-133.1
2025-09-18,WAL-MART #1538 BROOKINGS SD,BROOKINGS     SD,-56.24
2025-09-18,EXPEDIA 73244879778030 EXPEDIA.COM WA,EXPEDIA.COM   WA,-146.13
2025-09-18,TST* LAKESIDE TAVERN & BRDETROIT LAKESMN,DETROIT LAKES MN,-34.27
2025-09-19,UBER *TRIP HELP.UBER.COMCA,HELP.UBER.COM CA,-33.56
2025-09-19,UBER *TRIP HELP.UBER.COMCA,HELP.UBER.COM CA,-7
2025-09-19,SPO*WHISKEYCREEKWOODFIREGBROOKINGS SD,BROOKINGS     SD,-46.31
2025-09-19,UBER *TRIP HELP.UBER.COMCA,HELP.UBER.COM CA,-47.92
2025-09-19,UBER *TRIP HELP.UBER.COMCA,HELP.UBER.COM CA,-11.98
2025-09-19,FAIRFIELD INN & SUITES DETROIT LAKESMN,DETROIT LAKES MN,-193.16
2025-09-19,COURTYARD BISMARCK NOR BISMARCK ND,BISMARCK      ND,-281.94
2025-09-19,SQ *BROOKINGS TAXI SERVICBROOKINGS SD,BROOKINGS     SD,-10.92
2025-09-19,UNITED 0162332799321UNITED.COM TX,UNITED.COM    TX,-594.48
2025-09-19,UNITED 0162332799320UNITED.COM TX,UNITED.COM    TX,-594.48
2025-09-19,PHEASANTS FURY AVIATION L605-3769708 SD,605-3769708   SD,-613.2
2025-09-19,UBER *TRIP HELP.UBER.COMCA,HELP.UBER.COM CA,-22.8
2025-09-19,EXECUTIVE AIR TAXI CORP. BISMARCK ND,BISMARCK      ND,-683.49
2025-09-20,Online payment from CHK 9942,,7040.6
2025-09-20,TST* LE PAIN QUOTIDIEN - WASHINGTON DC,WASHINGTON    DC,-46.81
2025-09-20,SQ *PACCI?S WASHINGTON DC,WASHINGTON    DC,-166.4
2025-09-20,CITY OF CHILLICOTHE CHILLICOTHE MO,CHILLICOTHE   MO,-300.12
2025-09-20,UNITED 0162332952057UNITED.COM TX,UNITED.COM    TX,-424.49
2025-09-22,UBER *TRIP HELP.UBER.COMCA,HELP.UBER.COM CA,-5
2025-09-22,UBER *TRIP HELP.UBER.COMCA,HELP.UBER.COM CA,-19.39
2025-09-22,UBER *TRIP HELP.UBER.COMCA,HELP.UBER.COM CA,-7
2025-09-22,UBER *TRIP HELP.UBER.COMCA,HELP.UBER.COM CA,-21.32
2025-09-22,SQ *FUZZY INK Riverdale MD,Riverdale     MD,-34
2025-09-22,AMAZON MKTPL*I46WB3J73 Amzn.com/billWA,Amzn.com/bill WA,-134.58
2025-09-22,AMAZON MKTPL*K93R07Q83 Amzn.com/billWA,Amzn.com/bill WA,-33.9
2025-09-23,SAIGON MARKET CEDAR RAPIDS IA,CEDAR RAPIDS  IA,-10.79
2025-09-23,UBER *TRIP HELP.UBER.COMCA,HELP.UBER.COM CA,-60.38
2025-09-23,UBER *TRIP HELP.UBER.COMCA,HELP.UBER.COM CA,-7.85
2025-09-24,UBER *TRIP HELP.UBER.COMCA,HELP.UBER.COM CA,-20.17
2025-09-24,UBER *TRIP HELP.UBER.COMCA,HELP.UBER.COM CA,-80.69
2025-09-24,TST*BLACK SHEEP SOCIAL C Cedar Rapids IA,Cedar Rapids  IA,-551.25
2025-09-24,AMAZON MKTPL*MR2VC0QV3 Amzn.com/billWA,Amzn.com/bill WA,-23.13
2025-09-24,PWK ATLANTIC WHEELING 847-8080812 IL,847-8080812   IL,-909.13
2025-09-25,AF/GIRLSCOUTPRODUCT 800-274-3666 WI,800-274-3666  WI,-26
2025-09-25,JEPPESEN SANDERSON 800-621-5377 CO,800-621-5377  CO,-619.33
2025-09-25,AMAZON MKTPL*NJ7129P20 Amzn.com/billWA,Amzn.com/bill WA,-22.03
2025-09-25,AMAZON RETA* 009QS22E3 WWW.AMAZON.COWA,WWW.AMAZON.CO WA,-67.8
2025-09-25,EXEC AIR INC OF MONTANA HELENA MT,HELENA        MT,-475.7
2025-09-25,MUSTANG AVIATION PIERRE SD,PIERRE        SD,-865.22
2025-09-25,TST* SHELLIE'S COUNTRY CAHELENA MT,HELENA        MT,-27.9
2025-09-25,DOUBLETREE CEDAR RAPID 319-7314444 IA,319-7314444   IA,-229.27
2025-09-25,Garmin 800-5112459 ME,800-5112459   ME,-25.32
2025-09-26,AIRGARAGE PARKING AIRGARAGE.COMCA,AIRGARAGE.COM CA,-45.65
2025-09-26,AMATO DENTAL GROUP SEATTLE WA,SEATTLE       WA,-125.45
2025-09-26,ECITIZEN NAIROBI,,-34.05
2025-09-26,AMAZON RETA* J575S5RM3 WWW.AMAZON.COWA,WWW.AMAZON.CO WA,-42.93
2025-09-26,OPENAI *CHATGPT SUBSCR OPENAI.COM CA,OPENAI.COM    CA,-22.04
2025-09-26,METROPOLIS PARKING METROPOLIS.IOTN,METROPOLIS.IO TN,-9.99
2025-09-26,AMAZON MKTPL*XF4GF1FP3 Amzn.com/billWA,Amzn.com/bill WA,-41.85
2025-09-26,AMAZON MKTPL*G14MX7KP3 Amzn.com/billWA,Amzn.com/bill WA,-48.48
2025-09-26,AMAZON RETA* 8H5781T53 WWW.AMAZON.COWA,WWW.AMAZON.CO WA,-33.05
2025-09-27,REGISTERED AGENT - WA SINGLEFILE.IOWA,SINGLEFILE.IO WA,-100
2025-09-29,Tiqets INC 617-8588844 PA,617-8588844   PA,-257.58
2025-09-29,KOUSATHANAS EL KAI S VOULIAGMENI,,-110.64
2025-09-29,UBER *TRIP HELP.UBER.COM,,-36.86
2025-09-29,FSP*EASTSIDE LIMOUSINE 425-558-4755 WA,425-558-4755  WA,-102
2025-09-29,ECITIZEN NAIROBI,,-34.05
2025-09-29,AIRBNB * HMKA5DQB4S AIRBNB.COM CA,AIRBNB.COM    CA,-476.07
2025-09-29,TST* VIVIENNES BISTRO MERCER ISLANDWA,MERCER ISLAND WA,-132.12
2025-09-29,Garmin 800-5112459 ME,800-5112459   ME,-13.17
2025-09-30,UBER *TRIP HELP.UBER.COM,,-37.99
2025-09-30,UBER *TRIP HELP.UBER.COM,,-43.55
2025-09-30,UBER *TRIP HELP.UBER.COM,,-5.85
2025-09-30,UBER *TRIP HELP.UBER.COM,,-5.85
2025-09-30,UBER *TRIP HELP.UBER.COM,,-5.85
2025-10-01,UBER *TRIP HELP.UBER.COM,,-46.21
2025-10-01,UBER *TRIP HELP.UBER.COM,,-5.88
2025-10-01,UBER *TRIP HELP.UBER.COM,,-11.76
2025-10-01,UBER *TRIP HELP.UBER.COM,,-48.68
2025-10-01,TAPA E-TICKET ATHINA,,-28.1
2025-10-02,ELGER BAY FOOD MART CAMANO ISLANDWA,CAMANO ISLAND WA,-5.89
2025-10-02,CAMANO ISLAND COFFEE CAMANO ISLANDWA,CAMANO ISLAND WA,-7.26
2025-10-02,trainline +443332022222,,-245.25
2025-10-02,DIGITALOCEAN.COM DIGITALOCEAN.NY,DIGITALOCEAN. NY,-13.22
2025-10-03,LIMNH VOULIAGMENIS BOYLIAGMEN,,-40
2025-10-03,NEA ODOS AE MARTINO,,-5.12
2025-10-03,NEA ODOS AE THIVA,,-5.18
2025-10-03,NEA ODOS AE KAPANDRITI,,-4.42
2025-10-03,UBER *TRIP HELP.UBER.COM,,-54.54
2025-10-03,ATTIKI ODOS KOROPI,,-2.95
2025-10-04,Online payment from CHK 9942,,7504.5
2025-10-04,NEA ODOS AE KAPANDRITI,,-4.41
2025-10-04,NEA ODOS AE THIVA,,-5.17
2025-10-04,T-MOBILE HOTSPOT GMBH BONBONN,,-9.41
2025-10-04,ATTIKI ODOS METAMORFOSI,,-2.94
2025-10-06,OLYMPOUS PLAZA 76 ATALANTI,,-6.83
2025-10-06,SHELL LANSERIA Krugersdorp,,-4.77
2025-10-06,EXPEDIA 73264028341883 EXPEDIA.COM WA,EXPEDIA.COM   WA,-65.34
2025-10-06,Scribd *589159419 415-2336230 CA,415-2336230   CA,-13.23
2025-10-06,CAMANO ISLAND COFFEE CAMANO ISLANDWA,CAMANO ISLAND WA,-7.26
2025-10-06,AVIS RENT-A-CAR E387977656,,-265.15
2025-10-06,O.D.A.P. ROMAIKI AGORA DELFI,,-47.04
2025-10-06,AMALIA HOTEL DELFI,,-140.9
2025-10-06,PnP Fam Springs Gate SPRINGS,,-157.81
2025-10-07,MASTORIS ILIAS THIVA,,-10.94
2025-10-07,GATEWAY AIRPORT AUTHORI POLOKWANE,,-24.14
2025-10-07,ZUVA J Nkomo A/P Bulawayo,,-563.94
2025-10-08,DPO*Airlink IBE ZW Harare,,-408
2025-10-09,FSP*EASTSIDE LIMOUSINE 425-558-4755 WA,425-558-4755  WA,-102
2025-10-09,ZUVA R.G Mugabe A/P Harare,,-522.11
2025-10-09,CIVIL AVIATION (01) ZIMBABWE,,-40.76
2025-10-10,UTENGULE COFFEE LODGE MBEYA,,-1.65
2025-10-10,UTENGULE COFFEE LODGE MBEYA,,-30.45
2025-10-13,THE AERO OF EAST AFRICA NAIROBI,,-37.22
2025-10-13,THE AERO EAST AFRICA USD NAIROBI,,-30
2025-10-13,THE AERO EAST AFRICA USD NAIROBI,,-10
2025-10-13,THE AERO OF EAST AFRICA NAIROBI,,-151.69
2025-10-13,BITUMAN AVIATION SERVICESNairobi,,-378
2025-10-13,ETHIOPIAN AI7173799791384800-4452733 VA,800-4452733   VA,-949
2025-10-13,ETHIOPIAN AI0714402844034NAIROBI,,-20.22
2025-10-13,AF/GIRLSCOUTPRODUCT 800-274-3666 WI,800-274-3666  WI,-60
2025-10-13,Garmin 800-5112459 ME,800-5112459   ME,-26.11
2025-10-14,FSP*EASTSIDE LIMOUSINE 425-558-4755 WA,425-558-4755  WA,-102
2025-10-14,Netflix.com 408-5403700 CA,408-5403700   CA,-19.82
2025-10-16,DEUX ARGYLE REALTORS LIMIMLOLONGO,,-27.13
2025-10-16,DEUX ARGYLE REALTORS LIMIMLOLONGO,,-15.5
2025-10-16,DEUX ARGYLE REALTORS LIMIMLOLONGO,,-77.13
2025-10-16,SLING.COM 888-363-1777 CO,888-363-1777  CO,-12.99
2025-10-16,ZOLEO USA Inc. SEATTLE WA,SEATTLE       WA,-28.65
2025-10-20,Online payment from CHK 9942,,4379.71
2025-10-20,BITUMAN AVIATION SERVICESNairobi,,-630
2025-10-21,THE AERO OF EAST AFRICA NAIROBI,,-264.83
2025-10-21,TALISMAN RESTAURANT NAIROBI,,-207.62
2025-10-21,SOAMES HOTEL&JACKS BAR NANYUKI,,-711.52
2025-10-21,AIRBNB * HMKA5DQB4S AIRBNB.COM CA,AIRBNB.COM    CA,-476.08
2025-10-24,Collina Cafe and RestauraDodoma,,-4.04
2025-10-24,MWIBA HOLDINGS S3057031ARUSHA,,-840
2025-10-25,GRAMMARLY CO*VOLZ7RU GRAMMARLY.COMCA,GRAMMARLY.COM CA,-139.95
2025-10-25,Garmin 800-5112459 ME,800-5112459   ME,-25.32
2025-10-27,UTENGULE COFFEE LODGE MBEYA,,-61.3
2025-10-27,OPENAI *CHATGPT SUBSCR OPENAI.COM CA,OPENAI.COM    CA,-22.04
2025-10-28,PUMA ENERGY ZAMBIA PLC LUSAKA,,-693.43
2025-10-28,T. Jensen Coffee1001312Lusaka,,-9.52
2025-10-28,National Airport0016626LUSAKA,,-48.98
2025-10-28,National Airport0016626LUSAKA,,-137.14
2025-10-28,Garmin 800-5112459 ME,800-5112459   ME,-13.17
2025-10-31,EXPEDIA 72067777964197 EXPEDIA.COM WA,EXPEDIA.COM   WA,-568.23
2025-10-31,EXPEDIA 72067776170749 EXPEDIA.COM WA,EXPEDIA.COM   WA,-298.87
2025-10-31,MHAISS HOSEA KUTAKO WINDHOEK,,-187.46
2025-11-01,DPO*Airlink IBE NA Windhoek,,-725.23
2025-11-01,DPO*Airlink IBE NA Windhoek,,-725.23
2025-11-01,DIGITALOCEAN.COM DIGITALOCEAN.NY,DIGITALOCEAN. NY,-13.22
2025-11-01,PUMA ENERGY ZAMBIA PLC LIVINGSTONE,,-665.25
2025-11-01,HANDSOME LION ENTERPRIS LIVINGSTONE,,-1.82
2025-11-01,NATIONAL AIRPORTS LSTON Livingstone,,-74.35
2025-11-03,DELTA HOTELS BY MARRIOTT SWANSEA,,-285.64
2025-11-03,TRAINLINE WWW.THETRAINL,,-27.62
2025-11-03,TRAINLINE WWW.THETRAINL,,-54.66
2025-11-03,MUGG AND BEAN DOMESTI KEMPTON PARK,,-17.58
2025-11-03,THE INFORMATION THEINFORMATIOCA,THEINFORMATIO CA,-439.7
2025-11-03,Online payment from CHK 9942,,5339.5
2025-11-03,FSP*EASTSIDE LIMOUSINE 425-558-4755 WA,425-558-4755  WA,-102
2025-11-03,HOTEL SAFARI WINDHOEK,,-63.56
2025-11-03,WOOLWORTHS SANDTON,,-57.02
2025-11-04,trainline +443332022222,,-22.77
2025-11-04,IC OR TAMBO KEMPTON PARK,,-63.21
2025-11-04,GAUTRAIN ORTIA TVM GAUTENG,,-27.67
2025-11-05,TRAINLINE WWW.THETRAINL,,-13.77
2025-11-05,WH Smith Swansea Swansea,,-39.79
2025-11-05,SumUp *Mohamed harrak Swansea,,-19.75
2025-11-05,DELTA HOTELS BY MARRIOTT SWANSEA,,-316.03
2025-11-06,Yalla Yalla London,,-226.67
2025-11-06,PERFORMANCE HOME MEDICAL 253-852-5612 WA,253-852-5612  WA,-63.52
2025-11-06,Scribd *589159419 415-2336230 CA,415-2336230   CA,-13.23
2025-11-08,DELTA AIR 0062378738559LONGFORD,,-7080.07
2025-11-08,ALASKA AIR 0272122595527SEATTLE WA,SEATTLE       WA,-877.56
2025-11-08,ALASKA AIR 0272122595524SEATTLE WA,SEATTLE       WA,-877.56
2025-11-10,Online payment from CHK 9942,,12894.48
2025-11-10,THOMPSON SEATTLE F&B SEATTLE WA,SEATTLE       WA,-30
2025-11-10,"ParkWhiz, Inc. Chicago IL",Chicago       IL,-25.32
2025-11-11,KING COUNTY PROP TAX PMNT888-8916064 WA,888-8916064   WA,-14.63
2025-11-11,KING COUNTY PROP TAX PMNT888-8916064 WA,888-8916064   WA,-622.35
2025-11-11,THE MUSEUM OF FLIGHT ONLI206-768-7111 WA,206-768-7111  WA,-200
2025-11-12,DIAMOND PARKING parkmobilecomWA,parkmobilecom WA,-26.52
2025-11-12,DIAMOND PARKING parkmobilecomWA,parkmobilecom WA,-26.52
2025-11-12,TARGET 00027862 SEATTLE WA,SEATTLE       WA,-45.23
2025-11-12,VIRGINIA MASON MEDICAL CE206-2236601 WA,206-2236601   WA,-40
2025-11-12,Garmin 800-5112459 ME,800-5112459   ME,-40.98
2025-11-13,DIAMOND PARKING parkmobilecomWA,parkmobilecom WA,-7.79
2025-11-13,DIAMOND PARKING parkmobilecomWA,parkmobilecom WA,-14.03
2025-11-14,WSDOT-GOODTOGO ONLINE RENTON WA,RENTON        WA,-100
2025-11-14,DPO*Airlink IBE NA Windhoek,,723.02
2025-11-14,US CUSTOMS DTOPS 317-298-1245 IN,317-298-1245  IN,-36.94
2025-11-14,DIAMOND PARKING SERVICES 509-295-6490 WA,509-295-6490  WA,-86.5
2025-11-14,Netflix.com 408-5403700 CA,408-5403700   CA,-19.82
2025-11-15,BARONS SINO KITCHEN & 425-5008888 WA,425-5008888   WA,-147.57
2025-11-15,CVS/PHARMACY #11651 MERCER ISLANDWA,MERCER ISLAND WA,-46.26
2025-11-15,THE UPS STORE 1081 510-5176645 WA,510-5176645   WA,-71
2025-11-15,THE UPS STORE 1081 510-5176645 WA,510-5176645   WA,-30
2025-11-15,CINEMARK 1118 BOXCON Bellevue WA,Bellevue      WA,-22.66
2025-11-15,405 WSDOT AVIATION 866-936-8246 WA,866-936-8246  WA,-145
2025-11-17,SLING.COM 888-363-1777 CO,888-363-1777  CO,-12.99
2025-11-17,ZOLEO USA Inc. SEATTLE WA,SEATTLE       WA,-28.65
2025-11-17,CBI*Acronis 151-2289241 IL,151-2289241   IL,-137.74
2025-11-18,AEROMEXICO C1392160816357CUAUHT MOC,,-802.95
2025-11-18,AEROMEXICO C1392160816356CUAUHT MOC,,-802.95
2025-11-18,AEROMEXICO C1392160816128CUAUHT MOC,,-285.36
2025-11-18,AEROMEXICO C1392160816127CUAUHT MOC,,-285.36
2025-11-18,AEROMEXICO C1392160815696CUAUHT MOC,,-326.34
2025-11-18,ALASKA AIR 0272123564697SEATTLE WA,SEATTLE       WA,-798.3
2025-11-18,ALASKA AIR 0272123564696SEATTLE WA,SEATTLE       WA,-798.3
2025-11-18,ALASKA AIR 0272123561906SEATTLE WA,SEATTLE       WA,-660.39
2025-11-18,ALASKA AIR 0272123560557SEATTLE WA,SEATTLE       WA,-926.89
2025-11-22,DIAMOND PARKING parkmobilecomWA,parkmobilecom WA,-14.03
2025-11-22,VIRGINIA MASON FRONT DESKSEATTLE WA,SEATTLE       WA,-95
2025-11-22,FSP*EASTSIDE LIMOUSINE 425-558-4755 WA,425-558-4755  WA,-144
2025-11-22,MERCER NAILS & SPA MERCER ISLANDWA,MERCER ISLAND WA,-26
2025-11-22,MERCER NAILS & SPA MERCER ISLANDWA,MERCER ISLAND WA,-37
2025-11-22,CORPORATE AIR CENTER UB CBURLINGTON WA,BURLINGTON    WA,-137.66
2025-12-23,AIRCRAFT & PILOT ASSN WWW.AOPA.ORG MD,WWW.AOPA.ORG  MD,-89
2025-12-23,LIGHTNINGSRC/INGMSPK 800-509-4156 TN,800-509-4156  TN,-47.91
2025-12-24,MERCER ISLAND TRUE VALUE MERCER ISLANDWA,MERCER ISLAND WA,-28.06
2025-12-24,TST*NEB - TOM DOUGLAS Seattle WA,Seattle       WA,-232.02
2025-12-24,Subway Seattle WA,Seattle       WA,-34.13
2025-12-24,PREMIER NAILS & SPA MERCER ISLANDWA,MERCER ISLAND WA,-370
2025-12-26,Online payment from CHK 9942,,5821.92
2025-12-26,OPENAI *CHATGPT SUBSCR OPENAI.COM CA,OPENAI.COM    CA,-22.04
2025-12-26,Garmin 800-5112459 ME,800-5112459   ME,-25.32
2025-12-29,CAMANO PLAZA MA CAMANO ISLANDWA,CAMANO ISLAND WA,-174.23
2025-12-29,SQ *KRISTOFERSON FARM Camano IslandWA,Camano Island WA,-309.76
2025-12-29,ALASKA AIR 0272127317574SEATTLE WA,SEATTLE       WA,-796.6
2025-12-29,Garmin 800-5112459 ME,800-5112459   ME,-13.17